[{"model": "sessions.session", "pk": "05s0f26qs76cj1hvii5dkrdl1cufpipn", "fields": {"session_data": ".eJxVjEEOwiAQRe_C2hCgAsWle89AZphBqgaS0q6MdzckXej2v_f-W0TYtxL3zmtcSFyEFqffDSE9uQ5AD6j3JlOr27qgHIo8aJe3Rvy6Hu7fQYFeRk1TyoGVQneGTMg6KTOhZqOtzXPWGBAypGDZeWZwRnmimT0Hh8lo8fkCHIw5Sg:1tkLnt:GJl6Kqsb_748mDg-aZE9ERES_dyVW7b7Z1B_VGSSnMg", "expire_date": "2025-03-04T06:00:17.140Z"}}, {"model": "sessions.session", "pk": "11uu2zhw01wyttg4jij09jadyyc3dg6p", "fields": {"session_data": ".eJxVT0luhTAMvYvXCGUe_q69RlUhJyQfVEoqErpB3L2B0krIG-uN9gY5-REn9D6tc-lywRIyPLa9gT8M1zKEuYwey5jm7jOUIfVV87bB7w6PewpUb4EH1YJYozg1rVBEWNvA15K-xz4s1fFM6TmFKl3HI4ASW4cxKojg2mpiuDWwvzdw9ndrDkt3KpmFG-jQf4T5YHCaDri9zmhPzUXn9uX2xuvlukUNmIejgUXporcGA8OoqJPWOJRYAU6EoIpw2ZvotBJBcKuiRyFj77hWqIWP_09JBvsP381zTQ:1tp09w:DiRRePt4L7ziNoyraK39t6F-vE8rebiasxsWGRsNp0U", "expire_date": "2025-03-17T01:54:16.104Z"}}, {"model": "sessions.session", "pk": "1s77fkqbfxuibyvmhboz3ytjv6smlc9z", "fields": {"session_data": ".eJxVj0tPxCAUhf8LW2fILY8WunTvbvbkAheLdtpJoRON8b9Lk4nR7Xl8OeeLOdzr5PZCm8uRjUxYdvoregzvtBxOfMPldeVhXeqWPT8i_OEW_rJGmp8f2X-ACcvU2uiN9TJI46HT3ls0oIYko0hKJWn7SJa0Fl6KvodBkjSJlAlRGwwRIDXojKU6DDXfc_08poLQZ5Bn6C-gRmFHLXgPnemGJ4ARoFV-fwl7Yrm4st9ow3jNCxsTzoXa1EKl5HVx9HHLW-PC9w-eHliM:1tq2ro:TUhLqyOWVLlssTufpH7hCJj9bRz78p03Iya7knBaqSc", "expire_date": "2025-03-19T22:59:52.602Z"}}, {"model": "sessions.session", "pk": "1xccssq9ikldyrqsjrlwhz4357kidh82", "fields": {"session_data": ".eJxVj81uwyAQhN-FaxO0GOMYjr33ljsCdqlpExwBjlpVffdiKara6_x8mvli1m1tsVulYhMywwQ7_NW8C--UdwPfXH5deVhzK8nzPcIfbuUvK9Ll-ZH9B1hcXXp7wJOKKniUwc-eThRhDpqCGiKNJKRWI5GICqIeop68DBLJa4SovBI4dejF1WZdaOme2ueOhEEdYTxKOMNslDAw8XGSsxRPAAagV35viQNL1dbtRsXhNWVmWtmoD61Ua1qzpY9bKp0K3z9ftFj1:1uA39m:PMnmHVKYeKCIdLoI7fXRBFLZBHxVZ8sdApWR-V2lxns", "expire_date": "2025-05-14T03:21:06.464Z"}}, {"model": "sessions.session", "pk": "2n4lwmzg4mmerofdypy1qq81qreh068h", "fields": {"session_data": ".eJxVj01PxSAQRf8LW_vI0HbawtK9O_eEj8GifeUFqNEY_7s0eTG6nXvPyZ0vps1RV30Uyjp6pphg3d-bNe6N9jPwr2Z_SdylveZo-Vnh97Twp-Rpe7x3_wlWU9ZG937GgM76wdnF0kwBFifJYR9oJDFIHIlEQAiyD3Kygxs8WekhoEXhpybdTKnauBrfY_08ldDjBcYLiGcQChaFks-I4yQfABRAQ37fEh2LRZfjRtn4a9yZqvmgNrRQKTHtmj5uMTcrdCxl36iaqtmY6hEAOHz_AFk-X58:1tzQB4:usayFFLD4mGl08M5BRIb-2B95EMjDqqJRpgYyylFOsY", "expire_date": "2025-04-14T19:42:30.512Z"}}, {"model": "sessions.session", "pk": "5umv07jw39fe2wiyu3aajn5kwsxy501k", "fields": {"session_data": ".eJwljUEKwjAQRe8yW22ZNk2QrDyE-xDqtAwYU2aGooh3N-ryfd7nvUBoZTXJxvWeqGS-QQTJCxcpw3n9Dv1cCxyh2pZ2El54_ttqWYyuzR9x9B26DqcLhuh8ROwHF05-OiA2aO-kpPprPDaWJ8SA-P4A-BopHQ:1tpLro:Kive5ONm9VSIWeSgyRbVdEV_klNeysJfLIy7grLWWww", "expire_date": "2025-03-04T01:15:00.141Z"}}, {"model": "sessions.session", "pk": "b6hnmqqh9m1tkvp3busqp7dh4uss6m7a", "fields": {"session_data": ".eJxVj0tPAyEUhf8LW1tygbntwNK9O_eEx8VBW6YBxmiM_10maYxuz-PLOV_Muq0vdmtUbY7MMMEOfzXvwhuV3YivrrysPKyl1-z5HuF3t_GnNdLl8Z79B1hcW0ZbxjMmDD6q4GdPZ0owB00BZaKJhNI4EYmEkLRM-uRVUJG8jpDQo4inAb241q0LPb_n_rkjQeIR1FHiM6BBNAI5SjlN8wOAARiV31viwHKzbbtRdfGaCzO9bjSGNmotr8XSxy3XQYXvH2DFWPk:1twxFr:MH_yFRFM-5UYl4k3F5a98ah3nBo8SbTmh6gmzxqMkgs", "expire_date": "2025-04-08T00:25:15.523Z"}}, {"model": "sessions.session", "pk": "cj7s6x4fd8ogzpbsy6qpo0vqhpe9tjew", "fields": {"session_data": ".eJxVj0tPAyEUhf8LW1tyYaAdWLp3557wuDhoyzRcxmiM_10maYxuz-PLOV_M-a0vbiNsriRmmWCHv1rw8Q3rbqRXX19WHtfaWwl8j_C7S_xpTXh5vGf_ARZPy2jLdNZZx5CmGOaAZ8wwR4NRy4wKxWS0QhRZQzYym1OY4pQwmARZBy3SaUAvnrrzsZf30j93JEh9BHUU8CzAamWV4cLALOcHAAswKr-3xIEVcrTdsPl0LZXZ3jYcQwmJylodftxKG1T4_gFgdlj5:1u2pYX:mYJzT4cf3nXg3zqhWKvwtrud-Xg2sgwBvGopHVVuKJo", "expire_date": "2025-04-24T05:24:49.194Z"}}, {"model": "sessions.session", "pk": "hw9pix1f8ejkfwtuxcxpefz6tbslo564", "fields": {"session_data": ".eJxVjEEOwiAQRe_C2hCgAsWle89AZphBqgaS0q6MdzckXej2v_f-W0TYtxL3zmtcSFyEFqffDSE9uQ5AD6j3JlOr27qgHIo8aJe3Rvy6Hu7fQYFeRk1TyoGVQneGTMg6KTOhZqOtzXPWGBAypGDZeWZwRnmimT0Hh8lo8fkCHIw5Sg:1tnX60:7LGf6_uNS4kYef0vm5toAyKmehseM1PlEPTBkdKyVCs", "expire_date": "2025-03-13T00:40:08.364Z"}}, {"model": "sessions.session", "pk": "hwcdtrssb8vd0enz88pubt4y0y6r35rn", "fields": {"session_data": ".eJxVj8tOxSAURf-Fqb3kUEp7YejcmXPC42DRCg1QozH-u9TcGB2y914rnE-izdFWfVQsOnqiCCPD38wa94LpLPyzSU-ZupxaiZaeE3prK33IHrf72_afYDV17fToFxGEs547e7W4YICrk-jEGHBCxqWYEFkQEOQY5Gy54x6t9BCEFczPXbqZ2rRxLb7F9nEqYRQXmC7AHkEoJhUXFEY-zcsdgALoyO9ZbCCx6nrsWIx_jYmoVg7sH61Ya8xJ4_seS7fCQHLxnWq5ma2DAoD20OVj77MfV3_6WHuSGlGT6P3XN4cNaTU:1u1dlp:Z2Lh_Fh5PxCokyhQWYlSXxLAJ5Qown_I2nwh-88dY9s", "expire_date": "2025-04-20T22:37:37.108Z"}}, {"model": "sessions.session", "pk": "kjqgvosn76bb4ssi2zos7o1ess446z60", "fields": {"session_data": "eyJfc2Vzc2lvbl9leHBpcnkiOjYwMCwibGFzdF9vdHBfcmVzZW5kIjoiMjAyNS0wMy0wNFQyMzozMjozMi4wODY0NTUrMDA6MDAifQ:1tpbky:zfT7U4IwZ_gw3M-SwoNs_G-ZFSGOdrheVkQTWXDM5CY", "expire_date": "2025-03-04T18:13:00.313Z"}}, {"model": "sessions.session", "pk": "mor21eougpc3wnhg35dn0ds29jat1mao", "fields": {"session_data": ".eJwlzUEOgjAQRuG7zFYhP1PooisP4b5pYMQxQknbEA3h7qJuX_LlbZRk1FxSKBpnL1PQJzl6xPs8RGm4ay_jt9V9nOhMsSx-laQ37f8gl5CKDAdhcFfBVGivbFzDjm3NBrA4AQ44tM-S82_zWjS9yVlg_wBSNimj:1tpbR4:j8hZtqGNUxYjowrb5HuI3BV0dUSs2kJVwL2VNmEke04", "expire_date": "2025-03-04T17:52:26.233Z"}}, {"model": "sessions.session", "pk": "ol1grrjg7o74kr14o5jsfjyblmq53kbk", "fields": {"session_data": "e30:1tmQcT:ptWbLKasXMii9_q5hiIRVKbw3kPl3mqxi4MowJgYW5Y", "expire_date": "2025-03-09T23:33:05.419Z"}}, {"model": "sessions.session", "pk": "oye1w8xjzor7kdihoeu4mzfehj3hz6vf", "fields": {"session_data": "e30:1tp6mY:4H1cTmVelKG77_2T-f4i6ePQxHXUX2SgBTJdP5scPiY", "expire_date": "2025-03-17T08:58:34.746Z"}}, {"model": "sessions.session", "pk": "p4ozpfp5wdflwtfamws25rg744ygvm42", "fields": {"session_data": ".eJxVj8tuwyAURP-FbRJ0AWMbltln1z3icalpExwBrlpV_fdgKara7TyOZr6JsVtbzFaxmBSIJowc_2rO-nfMuxHebH5dqV9zK8nRPUKfbqWXNeD1_Mz-Ayy2Lr3NwySj9C4I72aHE0aYvUIvecQBmVByQGRRQlQ8qtEJLwI6FSBKJ1kYO_RqazPWt_SR2teOBC5PIE5segGm-aw5o-PAB2AHAA3QK7-32JGkaup2x2LDLWWiW9mwD61Ya1qzwc97Kp0KPw9dLljr:1ttzHB:oNhEvyFoqZgOApXmC0ZmwB-hSQ56aWRehhxYZNNok2o", "expire_date": "2025-03-30T19:58:21.643Z"}}, {"model": "sessions.session", "pk": "q9wq532uff3i11w2k5vnh48ppwg7cjru", "fields": {"session_data": ".eJxVj8tuwyAQRf-FbRM0gMexWXbfXfaIx1DTJjgCHLWq-u_FUlS12_s4uveLGbu1xWyVikmBaSbY4a_mrH-nvBvhzebXlfs1t5Ic3yP84Vb-sga6PD-y_wCLrUtvy3DCiN4F5d3k6EQRJj-TRxlpIKFmHIhERIizjPPolFeB3BwgokMRxg692NqM9S3dU_vckSDxCMNRDmeQWkktkEsxjSM-AWiAXvm9JQ4sVVO3GxUbrikz3cpGfWilWtOaDX3cUulU-P4BXzxY9A:1u7mNr:7nI6lLCyOXbA6HTlXbqAg-2FIIi753tm6OKc_-Fz7co", "expire_date": "2025-05-07T21:02:15.220Z"}}, {"model": "sessions.session", "pk": "qzwwcu1lf832yzxiwhc5zf3m7nb8mdw1", "fields": {"session_data": ".eJxVj01PxSAQRf8LW_vIQKEtLN27c0_4GCzaV16AGo3xv0uTF6Pbufec3Pkixh5tNUfFYlIgmjAy_L05699wP4PwaveXTH3eW0mOnhV6Tyt9ygG3x3v3n2C1de00D7OM0rswerc4nDHC4hV6ySMKZKOSApFFCVHxqCY3-jGgUwGidJKFqUs3W5uxvqX31D5PJXB5AXFh6hkmzYUWgkoBs5geADRAR37fYgNJ1dTjhsWGa9qJbuXAPrRirSnvBj9uqXQrDCSX0KmWm92IXmZJ4fsHmi1fSA:1u61lN:FW35-PFYpeVk7tgvmz39J5ilE58cazi-ENR-AfbhDeo", "expire_date": "2025-05-03T01:03:17.401Z"}}, {"model": "sessions.session", "pk": "rsosjvvzz5dqfev2z0p9xslgo5h85omo", "fields": {"session_data": ".eJxVj8tOxDAMRf8lWzqVm4eTdsmeHfvIrZNpoJOOmhaBEP9OBo0QLO1z75H9KTwd--yPEjafWAxCOdH8XY40vYZ8I_xC-by205r3LY3tLdLeaWmfVg7L4z37TzBTmWs7Oh0ts1UatcMojcNgoyRrJKFmKZWxiJ1SgH1veOyD0W60k0GOILWq0oXK7mna01vaP6pSgjQnUKdOPQMMXT9IaBE1WnioM0Ct_P6lXCNS8eW4ho34krIYIi0l1FNLKCWt2Yf3a9qqFxoxpmVJ-eyJeav0x2C-vgEWoF9V:1tsYzk:Msav9iULlXy1JzztSl_opIPmkCeCLPSThj79hZd5B_A", "expire_date": "2025-03-26T21:42:28.761Z"}}, {"model": "sessions.session", "pk": "sx7tom14udek6i3ei7w08n9pkys3056w", "fields": {"session_data": ".eJxVj0tPAyEUhf8LW1tygTIMLN27657wuDhoyzTANBrjf5dJGqPb8_hyzhexbuuL3RpWmyMxhJHDX8278I5lN-KbK68rDWvpNXu6R-jDbfRljXh5fmT_ARbXltHmUckkg48i-NmjwgRz0BgkT3hCJrQ8IbIkIWme9ORFEBG9jpCklyxOA3pxrVsXer7n_rkjgcsjiCMXZ-CGKQMTVWISs3oCMACj8nuLHUhutm03rC5ecyGm1w3H0Iat5bVY_LjlOqjw_QNg_Vj7:1twAte:gJgkmwc82eURcpNIr7K7s97Btpre4_1PLNNKSkDus9Y", "expire_date": "2025-04-05T20:47:06.737Z"}}, {"model": "sessions.session", "pk": "t0u776aoiwa3ci9acgnbqwojk2em9bi0", "fields": {"session_data": ".eJytkU1v2zAMhv8Lz4ahT0vKLUEvxdbD0KJrNhSGLNOxFtcqIjnrGuS_T07TArkHOkjgS74PKR4gBuftYJ0L05jqmGzCCIsDjMv3u_e31a359-Dvn263sPh9gNddcBizDkPY-BEKaG2ysBinYSjgdeuwdqHFeo8733ncfSjHgiputFJE0tIQKhV9LsCsf_3tyf47rpR5qm6q6wB4KYjIdwb8vNsuN_giB8Li8m2trgMQpWGUVVJnwp_2fs1W337EMO0NPvrrEGSpFKs4o8_HAj4XY6fU45i8s8mHsX7B1Ic2noAf78y7WGXm2gSLL1ddVlrmvy_mBve-ncGwCWEzYE6d_GxAicmHMZr_kCujiM7FcMyTnvj1FHFXnzKZgYtgY90Wx1mxwzCHy3Mb5SnnLMdyeTHG6lx1YdXb2Gcf1VEudUdoyy3XSCtBuOCVqmSrqWBNo5loOmG5JaJjTKFtbEMdQcpRS0rh-B9xzuu8:1tkLVC:BjmlaeY044_Y5pWjr28y9q0OwyXbBp-GiBlEWCj_sjM", "expire_date": "2025-03-04T05:40:58.692Z"}}, {"model": "sessions.session", "pk": "vxnhakwojnwner1co6cyt3bn5oxp3ivd", "fields": {"session_data": ".eJytkk1v4yAQhv8LZwvxaSA3Z_dStT1EXXWbXVUWxjimpqYNOO0myn9fnGZXyj3iAJp3eJ8ZhgOIwTjttTFhGlMdk042gsUBjNX-fv-5vFF_friHp5sBLH4fwNs2GBuzDnzYuBEUoNVJg8U4eV-At8HY2oTW1ju7dZ2z2y_lWGBBlRQCcQwVwlzg5wKo9a-PHu3u7FKop_J7eR0AhQyxvGfAz_uh2thX7hGJ1edaXAfAoCKYlFxmwkv7sCbL21UM007ZR3cdAodCkJKS-ZFWH_23akj71fv-Ub37u-sQSsgRkyV_Phbg3-T1lHo7Jmd0cmGsX23qQxtPvK9zxl38lYzVCSz-myqoFOFYFXN9O9fOXLAJYeNtTp3cbICRyosQnIdEhRJI5svgmBs98esp2m19yiQKXAQbbQY7zor2fg7DcxnwlHOWI6wu2lieb11Y9Tr22Ud0mHLZIdxSTaXFJUOU0VKUvJWYkaaRhDUd01Qj1hEirG50gw2ymFrJMQbHv9l1C3I:1tkLVD:lgXKIYfXiszIvI1SlYzKqsVH_5VVqXPc8ZCZL3RffpA", "expire_date": "2025-03-04T05:40:59.995Z"}}, {"model": "sessions.session", "pk": "vyht6e8m4gj5sb8mo46rm31l5m0ial7g", "fields": {"session_data": "e30:1tiTO5:zSJX_qrCjm1JCilqqPPXskSc-KKvZGIF7tuCI3pNDFE", "expire_date": "2025-02-27T01:41:53.625Z"}}, {"model": "sessions.session", "pk": "ytlvmubhqcnliov5zbdrkaq97ekcze9g", "fields": {"session_data": ".eJxVj81OxCAUhd-FrTPkFkoHWLp3555c4GLRDp0UajTGd5cmE6Pb8_PlnC_mcG-z2yttLkdmmTDs9Ff0GN6oHE58xfKy8rCWtmXPjwi_u5U_rZGWx3v2H2DGOvc2em28DFJ7GJT3BjWMlySjSOOYpJkiGVJKeCmmCS6SpE406hCVxhABUocuWJvD0PJ7bp_HVBDqDPIsxDNoK4SVE5egBzU8AFiAXvn9JcyJ5erqfqMN4zUXZhMulfrUSrXmtTj6uOWtc-H7B5v2WIQ:1tvu7o:KscB8TCcK0uhD0VPDTe99YhBSDzyVVlQfqrZkBVsXLY", "expire_date": "2025-04-05T02:52:36.308Z"}}, {"model": "category.category", "pk": 3, "fields": {"category_name": "table", "slug": "table", "description": "Upgrade your dining experience with our premium collection of dining tables, designed to complement every home style. Whether you prefer a modern, rustic, or classic look, our range offers a variety o", "is_active": true, "is_deleted": false, "deleted_at": null}}, {"model": "category.category", "pk": 6, "fields": {"category_name": "lights", "slug": "lights", "description": "Lighting fixtures used inside buildings, homes, offices, and other enclosed spaces to enhance visibility, create ambiance, and improve aesthetics. They play a crucial role in setting the mood and fun", "is_active": true, "is_deleted": false, "deleted_at": null}}, {"model": "category.category", "pk": 7, "fields": {"category_name": "Chair", "slug": "chair", "description": "piece of furniture designed for a single person to sit on. It typically consists of four legs, a seat, and a backrest, with some models including armrests for added comfort. it can be made from va", "is_active": true, "is_deleted": false, "deleted_at": null}}, {"model": "category.category", "pk": 13, "fields": {"category_name": "Sofa", "slug": "sofa", "description": "asdrfghijoklmnbvsrtfyguhijokpl;.,mnbvcv ,.,drytuyiui;l,mnbvxfdfghjk;l.,mnbxfdfghjk;l'", "is_active": false, "is_deleted": false, "deleted_at": null}}, {"model": "category.category", "pk": 15, "fields": {"category_name": "Cot", "slug": "cot", "description": "sdfrtyuiolkjnhbgvfdsdfrtyuiolkjnhbvcxzxsdfghjkbvcxzasertyuikjhgfcdxcvbn", "is_active": false, "is_deleted": false, "deleted_at": null}}, {"model": "category.category", "pk": 16, "fields": {"category_name": "Show Piece", "slug": "showpiece", "description": "sdfghjkdfghjvghnjmjj ghnnhjjh", "is_active": false, "is_deleted": false, "deleted_at": null}}, {"model": "category.category", "pk": 17, "fields": {"category_name": "Sofa123", "slug": "sofa123", "description": "dfcgvbhjnxdcfvgbhnjkmlgtyhujiko", "is_active": false, "is_deleted": false, "deleted_at": null}}, {"model": "accounts.account", "pk": 1, "fields": {"password": "pbkdf2_sha256$870000$xoADHWlddrMTb8nYvxH3Mp$Lqhmlpm/JGtl4d45DrpRGft36KAcGagUIVOzvX6MAH0=", "first_name": "shafna", "last_name": "vk", "username": "shafna", "email": "user123@gmail.com", "phone_number": "999926567", "date_joined": "2025-01-29T03:56:19.566Z", "last_login": "2025-04-30T03:21:06.463Z", "is_admin": true, "is_staff": true, "is_active": true, "is_superadmin": true}}, {"model": "accounts.account", "pk": 29, "fields": {"password": "pbkdf2_sha256$870000$bdn5K2tJPKubdyqOaHXjCl$6VdyKYllGRsNwptMPNRSN7VUhbgMS5G2yrES7oZBLag=", "first_name": "Shafna", "last_name": "vk", "username": "shafna_v_k", "email": "shafnavk70@gmail.com", "phone_number": "91999926567", "date_joined": "2025-02-11T05:17:51.425Z", "last_login": "2025-04-22T09:22:47.495Z", "is_admin": false, "is_staff": false, "is_active": true, "is_superadmin": false}}, {"model": "accounts.account", "pk": 38, "fields": {"password": "pbkdf2_sha256$870000$1XCCH86EZ0DRY6n7hvpJIf$nb3TE97HauFZg4D8Qzqt2p+Ff2EPEShP18NPPk+bCm4=", "first_name": "rafi", "last_name": "mrm", "username": "rafimrm", "email": "rafimrm@gmail.com", "phone_number": "987654321", "date_joined": "2025-02-25T00:46:04.378Z", "last_login": "2025-03-22T09:49:53.570Z", "is_admin": false, "is_staff": false, "is_active": true, "is_superadmin": false}}, {"model": "accounts.account", "pk": 40, "fields": {"password": "!ih59dDhLS9UMrUjIU4AtHklthELphZI2yxVzjJTn", "first_name": "interio", "last_name": "furniture", "username": "interio", "email": "interiofurniture001@gmail.com", "phone_number": "", "date_joined": "2025-02-26T22:52:11.571Z", "last_login": "2025-02-26T23:00:41.936Z", "is_admin": false, "is_staff": false, "is_active": true, "is_superadmin": false}}, {"model": "accounts.account", "pk": 41, "fields": {"password": "!VumesQ3yznnRSfNA0X6XBrRYAhOjdoJe68gqLOZT", "first_name": "Shafna", "last_name": "Rafi", "username": "shafna8", "email": "shafnavk1998@gmail.com", "phone_number": "91999926567", "date_joined": "2025-02-26T23:00:58.691Z", "last_login": "2025-03-02T01:36:21.258Z", "is_admin": false, "is_staff": false, "is_active": true, "is_superadmin": false}}, {"model": "accounts.account", "pk": 63, "fields": {"password": "pbkdf2_sha256$870000$XxcjPPvDxlMkU0xeDNWhfk$IJQjRhckCs3XJ8mi0rhifJwTvCFsC7h013lc6jaHoDs=", "first_name": "John", "last_name": "Doe", "username": "johndoe", "email": "johndoe@gmail.com", "phone_number": "", "date_joined": "2025-03-06T18:44:04.186Z", "last_login": "2025-03-06T18:45:43.185Z", "is_admin": false, "is_staff": false, "is_active": false, "is_superadmin": false}}, {"model": "accounts.account", "pk": 64, "fields": {"password": "pbkdf2_sha256$870000$wy9S2MLpscVKU46owQa1Q7$p0OD6qCV1guXY+S2p3/EWzHkmGcrgunMN/8RCSUXa5k=", "first_name": "John", "last_name": "Do", "username": "johndoe1234", "email": "johndoe1234@gmail.com", "phone_number": "", "date_joined": "2025-03-08T05:39:19.093Z", "last_login": "2025-03-08T05:39:58.645Z", "is_admin": false, "is_staff": false, "is_active": true, "is_superadmin": false}}, {"model": "accounts.account", "pk": 65, "fields": {"password": "pbkdf2_sha256$870000$KLIIxXC23otUL01LBE8eGM$BZftGFNaHeUH79kPCGBk3tEpebJWcQDNKCaGhWzCW94=", "first_name": "Zaim", "last_name": "Mrm", "username": "zaimaibak100", "email": "zaimaibak100@gmail.com", "phone_number": "", "date_joined": "2025-03-25T00:20:20.265Z", "last_login": "2025-03-25T00:21:10.248Z", "is_admin": false, "is_staff": false, "is_active": true, "is_superadmin": false}}, {"model": "accounts.account", "pk": 66, "fields": {"password": "pbkdf2_sha256$870000$WUCX6K5imW2nBD4PwBnnX9$xs5dgyRlOOf08mV3to9J9bIUz11bmlXNM/zqXkZTiT0=", "first_name": "Zaim", "last_name": "Mrm", "username": "zaim1234", "email": "zaim1234@gmail.com", "phone_number": "", "date_joined": "2025-04-10T05:11:41.364Z", "last_login": "2025-04-10T05:12:20.867Z", "is_admin": false, "is_staff": false, "is_active": true, "is_superadmin": false}}, {"model": "accounts.address", "pk": 1, "fields": {"user": 29, "full_name": "shafna v k", "phone": "75939 44616", "address_line_1": "ghjvgbnjk", "address_line_2": "swedrftgyhuji", "city": "Kozhikode", "state": "kerala", "pincode": "673525", "is_default": true, "created_at": "2025-03-11T20:19:51.477Z", "modified_at": "2025-03-11T20:22:16.437Z"}}, {"model": "accounts.address", "pk": 3, "fields": {"user": 29, "full_name": "shafna", "phone": "75939 44616", "address_line_1": "ghjvgbnjk", "address_line_2": "sxdcfvgbhnj", "city": "Kozhikode", "state": "kerala", "pincode": "673535", "is_default": false, "created_at": "2025-03-11T20:21:36.363Z", "modified_at": "2025-03-11T20:22:11.190Z"}}, {"model": "accounts.address", "pk": 5, "fields": {"user": 38, "full_name": "shafna", "phone": "75939 44616", "address_line_1": "ghjvgbnjk", "address_line_2": "xdcfgvhbjnk", "city": "Kozhikode", "state": "kerala", "pincode": "673535", "is_default": true, "created_at": "2025-03-12T18:54:26.154Z", "modified_at": "2025-03-12T18:54:35.622Z"}}, {"model": "accounts.address", "pk": 6, "fields": {"user": 38, "full_name": "shafna v k", "phone": "75939 44616", "address_line_1": "eswdrftgyhuj", "address_line_2": "swedrftgyhuji", "city": "Kozhikode", "state": "kerala", "pincode": "673525", "is_default": false, "created_at": "2025-03-12T19:16:09.646Z", "modified_at": "2025-03-12T19:16:09.646Z"}}, {"model": "accounts.address", "pk": 8, "fields": {"user": 38, "full_name": "rafi mrm", "phone": "75939 44616", "address_line_1": "szdxfcghvjk", "address_line_2": "swedrftgyhuji", "city": "Mumbai", "state": "MH", "pincode": "673525", "is_default": false, "created_at": "2025-03-12T22:35:48.038Z", "modified_at": "2025-03-12T22:35:48.038Z"}}, {"model": "accounts.address", "pk": 9, "fields": {"user": 1, "full_name": "shafna v k", "phone": "75939 44616", "address_line_1": "ghjvgbnjk", "address_line_2": "swedrftgyhuji", "city": "Kozhikode", "state": "kerala", "pincode": "673525", "is_default": true, "created_at": "2025-03-16T20:27:23.217Z", "modified_at": "2025-03-16T23:55:59.999Z"}}, {"model": "accounts.address", "pk": 13, "fields": {"user": 65, "full_name": "zaim aibak", "phone": "75939 44616", "address_line_1": "sdfgyhuij", "address_line_2": "cfvgbhnjkm,l", "city": "Kozhikode", "state": "KL", "pincode": "673525", "is_default": true, "created_at": "2025-03-25T00:30:41.153Z", "modified_at": "2025-03-25T00:30:41.153Z"}}, {"model": "accounts.address", "pk": 14, "fields": {"user": 65, "full_name": "rafi mrm", "phone": "7593944616", "address_line_1": "ghjvgbnjk", "address_line_2": "fdcgvhjbknlm", "city": "Kozhikode", "state": "KL", "pincode": "673525", "is_default": false, "created_at": "2025-03-25T19:19:08.647Z", "modified_at": "2025-03-25T19:19:08.647Z"}}, {"model": "accounts.address", "pk": 15, "fields": {"user": 65, "full_name": "rafi mrm", "phone": "7593944616", "address_line_1": "ghjvgbnjk", "address_line_2": "fdcgvhjbknlm", "city": "Kozhikode", "state": "KL", "pincode": "673525", "is_default": false, "created_at": "2025-03-25T19:19:35.615Z", "modified_at": "2025-03-25T19:19:35.615Z"}}, {"model": "accounts.address", "pk": 17, "fields": {"user": 1, "full_name": "john doe", "phone": "75939 44616", "address_line_1": "ghjvgbnjk", "address_line_2": "swedrftgyhuji", "city": "Kozhikode", "state": "KL", "pincode": "673525", "is_default": false, "created_at": "2025-04-02T13:41:12.433Z", "modified_at": "2025-04-02T13:41:12.433Z"}}, {"model": "accounts.address", "pk": 18, "fields": {"user": 29, "full_name": "shafna vk", "phone": "75939 44616", "address_line_1": "ghjvgbnjk", "address_line_2": "swedrftgyhuji", "city": "Kozhikode", "state": "KL", "pincode": "673525", "is_default": false, "created_at": "2025-04-14T23:18:46.506Z", "modified_at": "2025-04-14T23:18:46.507Z"}}, {"model": "accounts.address", "pk": 19, "fields": {"user": 29, "full_name": "rafi mrm", "phone": "75939 44616", "address_line_1": "ghjvgbnjk", "address_line_2": "swedrftgyhuji", "city": "", "state": "", "pincode": "673525", "is_default": false, "created_at": "2025-04-14T23:19:53.635Z", "modified_at": "2025-04-14T23:19:53.635Z"}}, {"model": "accounts.address", "pk": 20, "fields": {"user": 1, "full_name": "Shafna k", "phone": "07593944616", "address_line_1": "vadankulangara(ho), Kayanna Bazar(po)", "address_line_2": "perambra (via)", "city": "", "state": "", "pincode": "673525", "is_default": false, "created_at": "2025-04-19T00:56:47.853Z", "modified_at": "2025-04-19T00:56:47.853Z"}}, {"model": "accounts.address", "pk": 21, "fields": {"user": 29, "full_name": "Shafna k", "phone": "07593944616", "address_line_1": "vadankulangara(ho), Kayanna Bazar(po)", "address_line_2": "perambra (via)", "city": "", "state": "", "pincode": "673525", "is_default": false, "created_at": "2025-04-23T22:53:51.278Z", "modified_at": "2025-04-23T22:53:51.278Z"}}, {"model": "accounts.wallet", "pk": 1, "fields": {"user": 29, "balance": "362.5", "created_at": "2025-03-31T20:38:42.049Z", "updated_at": "2025-04-10T05:29:43.141Z"}}, {"model": "accounts.wallet", "pk": 2, "fields": {"user": 1, "balance": "37223.5", "created_at": "2025-03-31T20:47:40.125Z", "updated_at": "2025-04-09T00:18:36.177Z"}}, {"model": "accounts.wallettransaction", "pk": 1, "fields": {"wallet": 2, "amount": "1020", "transaction_type": "REFUND", "description": "Refund for order #2025040198", "order": 98, "created_at": "2025-04-01T00:00:17.869Z"}}, {"model": "accounts.wallettransaction", "pk": 2, "fields": {"wallet": 2, "amount": "1020", "transaction_type": "PAYMENT", "description": "Payment for order #20250401102", "order": 102, "created_at": "2025-04-01T00:14:09.926Z"}}, {"model": "accounts.wallettransaction", "pk": 3, "fields": {"wallet": 2, "amount": "33659", "transaction_type": "REFUND", "description": "Refund for order #2025032042", "order": 42, "created_at": "2025-04-01T00:15:18.194Z"}}, {"model": "accounts.wallettransaction", "pk": 4, "fields": {"wallet": 2, "amount": "2040", "transaction_type": "PAYMENT", "description": "Payment for order #20250401103", "order": 103, "created_at": "2025-04-01T00:16:22.245Z"}}, {"model": "accounts.wallettransaction", "pk": 5, "fields": {"wallet": 2, "amount": "1530", "transaction_type": "PAYMENT", "description": "Payment for order #20250401113", "order": 113, "created_at": "2025-04-01T03:15:08.092Z"}}, {"model": "accounts.wallettransaction", "pk": 6, "fields": {"wallet": 2, "amount": "1530", "transaction_type": "PAYMENT", "description": "Payment for order #20250401115", "order": 115, "created_at": "2025-04-01T03:19:43.839Z"}}, {"model": "accounts.wallettransaction", "pk": 7, "fields": {"wallet": 2, "amount": "9180", "transaction_type": "REFUND", "description": "Refund for order #20250401116", "order": 116, "created_at": "2025-04-01T04:28:32.094Z"}}, {"model": "accounts.wallettransaction", "pk": 8, "fields": {"wallet": 2, "amount": "918", "transaction_type": "PAYMENT", "description": "Payment for order #20250402125", "order": 125, "created_at": "2025-04-02T13:53:39.793Z"}}, {"model": "accounts.wallettransaction", "pk": 9, "fields": {"wallet": 2, "amount": "785", "transaction_type": "PAYMENT", "description": "Payment for order #20250408137", "order": 137, "created_at": "2025-04-07T23:28:19.308Z"}}, {"model": "accounts.wallettransaction", "pk": 10, "fields": {"wallet": 2, "amount": "785", "transaction_type": "REFUND", "description": "Refund for order #20250408137", "order": 137, "created_at": "2025-04-08T00:56:48.321Z"}}, {"model": "accounts.wallettransaction", "pk": 11, "fields": {"wallet": 2, "amount": "402.5", "transaction_type": "CREDIT", "description": "Refund for cancelled order #20250409149", "order": null, "created_at": "2025-04-09T00:18:36.176Z"}}, {"model": "accounts.wallettransaction", "pk": 12, "fields": {"wallet": 1, "amount": "892.5", "transaction_type": "REFUND", "description": "Refund for order #20250410154", "order": 154, "created_at": "2025-04-10T05:29:02.107Z"}}, {"model": "accounts.wallettransaction", "pk": 13, "fields": {"wallet": 1, "amount": "530", "transaction_type": "PAYMENT", "description": "Payment for order #20250410155", "order": 155, "created_at": "2025-04-10T05:29:43.142Z"}}, {"model": "store.product", "pk": 7, "fields": {"product_name": "Cangelo Wooden Side Table", "slug": "cangelo", "description": "Crafted from high-quality engineered wood, it features a sleek, box-like structure with an open storage shelf, making it ideal for keeping books, magazines, or decorative items within easy reach.\r\n\r\nWith its rich wooden finish and clean, modern lines, the Cangelo table blends seamlessly into living rooms, bedrooms, or office spaces. Whether used as a bedside table, an end table, or a storage unit, it offers both style and elegence.", "specifications": "Material: Engineered wood with a smooth laminate finish\r\nColor: Dark walnut / Espresso brown\r\nDimensions: Approx. 18” H x 15” W x 15” D\r\nWeight Capacity: Up to 20 kg", "price": 2000, "stock": 0, "is_available": true, "category": 3, "created_date": "2025-02-05T02:53:21.235Z", "modified_date": "2025-03-07T00:53:25.644Z", "is_deleted": false, "deleted_at": null}}, {"model": "store.product", "pk": 9, "fields": {"product_name": "Etana", "slug": "etana", "description": "Crafted from high-quality engineered wood, it features a sleek, box-like structure with an open storage shelf, making it ideal for keeping books, magazines, or decorative items within easy reach.With its rich wooden finish and clean, modern lines, the Cangelo table blends seamlessly into living rooms, bedrooms, or office spaces.", "specifications": "Material: Engineered wood with a smooth laminate finish\r\nColor: Dark walnut / Espresso brown\r\nDimensions: Approx. 18” H x 15” W x 15” D\r\nWeight Capacity: Up to 20 kg", "price": 2100, "stock": 9, "is_available": true, "category": 3, "created_date": "2025-02-05T03:03:51.313Z", "modified_date": "2025-03-14T23:30:31.618Z", "is_deleted": false, "deleted_at": null}}, {"model": "store.product", "pk": 14, "fields": {"product_name": "Zajel", "slug": "zajel", "description": "Crafted from high-quality engineered wood, it features a sleek, box-like structure with an open storage shelf, making it ideal for keeping books, magazines, or decorative items within easy reach.\r\nWith its rich wooden finish and clean, modern lines.", "specifications": "Material: Engineered wood with a smooth laminate finish\r\nColor: Dark walnut / Espresso brown\r\nDimensions: Approx. 18” H x 15” W x 15” D\r\nWeight Capacity: Up to 20 kg", "price": 3800, "stock": 1, "is_available": true, "category": 3, "created_date": "2025-02-05T03:41:10.057Z", "modified_date": "2025-03-25T00:38:00.903Z", "is_deleted": false, "deleted_at": null}}, {"model": "store.product", "pk": 15, "fields": {"product_name": "Litverse", "slug": "litverse", "description": "Lighting fixtures used inside buildings, homes, offices, and other enclosed spaces to enhance visibility, create ambiance, and improve aesthetics. They play a crucial role in setting the mood and functionality of a space.", "specifications": "Type\tAmbient, Task, Accent, Decorative, Smart Lighting\r\nLight Source\tLED, Incandescent, CFL, Halogen\r\nWattage (W)\tPower consumption (ranges from 3W to 100W based on type)\r\nLuminous Flux (Lumens)\tBrightness level (e.g., 800 lumens for a standard LED bulb)\r\nBeam Angle\tNarrow (Spotlight, 15°–45°) or Wide (Ge", "price": 1000, "stock": 9, "is_available": true, "category": 6, "created_date": "2025-02-05T22:20:49.311Z", "modified_date": "2025-04-01T00:14:09.937Z", "is_deleted": false, "deleted_at": null}}, {"model": "store.product", "pk": 16, "fields": {"product_name": "Aticus", "slug": "articus", "description": "piece of furniture designed for a single person to sit on. It typically consists of four legs, a seat, and a backrest, with some models including armrests for added comfort. Chairs can be made from various materials, including wood, metal, plastic, and upholstered fabrics.", "specifications": "Dimensions:\r\nLength: 30 inches\r\nDepth: 35 inches\r\nHeight: 34 inches\r\nSeat Height: 20 inches\r\nSeat Depth: 19 inches\r\nArm Height: 24 inches\r\nInside Width: 25 inches\r\nWeight: 78 lbs", "price": 2000, "stock": 10, "is_available": true, "category": 7, "created_date": "2025-02-07T01:22:46.764Z", "modified_date": "2025-04-01T00:16:22.253Z", "is_deleted": false, "deleted_at": null}}, {"model": "store.product", "pk": 17, "fields": {"product_name": "Ritsu", "slug": "ritsu", "description": "Scandinavian-inspired seating solution that combines modern aesthetics with functional design. Upholstered in luxurious ivory wool bouclé, it offers both comfort and style, making it a standout addition to any workspace.", "specifications": "Overall Height: Adjustable from 34.5\" to 37.5\"\r\nWidth: 25\"\r\nDepth: 28.5\"\r\nSeat Height: Adjustable between 19\" and 22\"\r\nWeight: 37 lbs\r\nColor: Ivory Wool Bouclé", "price": 1200, "stock": 15, "is_available": true, "category": 7, "created_date": "2025-02-07T22:16:33.013Z", "modified_date": "2025-03-25T00:38:00.895Z", "is_deleted": false, "deleted_at": null}}, {"model": "store.product", "pk": 18, "fields": {"product_name": "Trigo_Chair", "slug": "trigo-chair", "description": "Scandinavian-inspired seating solution that combines modern aesthetics with functional design. Upholstered in luxurious ivory wool bouclé, it offers both comfort and style, making it a standout addition to any workspace.", "specifications": "Overall Height: Adjustable from 34.5\" to 37.5\"\r\nWidth: 25\"\r\nDepth: 28.5\"\r\nSeat Height: Adjustable between 19\" and 22\"\r\nWeight: 37 lbs\r\nColor: Ivory Wool Bouclé", "price": 900, "stock": 9, "is_available": true, "category": 7, "created_date": "2025-02-07T22:19:07.150Z", "modified_date": "2025-04-02T13:53:39.802Z", "is_deleted": false, "deleted_at": null}}, {"model": "store.product", "pk": 19, "fields": {"product_name": "chair1", "slug": "chair", "description": "this chair enhance the elegence,", "specifications": "width: 12*12", "price": 1000, "stock": 9, "is_available": true, "category": 7, "created_date": "2025-02-08T02:54:29.914Z", "modified_date": "2025-03-31T23:50:11.660Z", "is_deleted": false, "deleted_at": null}}, {"model": "store.product", "pk": 22, "fields": {"product_name": "Ecrin", "slug": "ecrin", "description": "zsxdcfvgbhnjkl,mnbvcxrdftgyhuijkol,mnbvcxcgvhbjnkml,", "specifications": "", "price": 1233, "stock": 12, "is_available": true, "category": 3, "created_date": "2025-03-01T04:18:02.155Z", "modified_date": "2025-03-06T18:51:20.296Z", "is_deleted": false, "deleted_at": null}}, {"model": "store.product", "pk": 24, "fields": {"product_name": "Leif", "slug": "leif", "description": "dfghjkl;,.mnzsdfgtyuoipl;.,mnbvcxddfytyiuoipo;'/.,mnbvzxcvbnm,mnbvzsdtfyuoil", "specifications": "", "price": 30000, "stock": 2, "is_available": true, "category": 13, "created_date": "2025-03-04T00:42:52.062Z", "modified_date": "2025-03-12T22:35:48.041Z", "is_deleted": false, "deleted_at": null}}, {"model": "store.product", "pk": 25, "fields": {"product_name": "Zxcv", "slug": "zxcv", "description": "asdfghjkmnbcxdfghjkmnb", "specifications": "", "price": 50000, "stock": 4, "is_available": true, "category": 13, "created_date": "2025-03-06T18:52:57.104Z", "modified_date": "2025-03-16T20:35:07.269Z", "is_deleted": false, "deleted_at": null}}, {"model": "store.product", "pk": 26, "fields": {"product_name": "Wimk", "slug": "wimk", "description": "sxdcfrtgyhujikomjnhbgvfcxrdftgyhujioklmkn vgbhjnkm", "specifications": "", "price": 2500, "stock": 8, "is_available": true, "category": 13, "created_date": "2025-03-06T18:59:11.741Z", "modified_date": "2025-04-08T00:00:26.775Z", "is_deleted": false, "deleted_at": null}}, {"model": "store.product", "pk": 28, "fields": {"product_name": "Reshta", "slug": "reshta", "description": "swedrftgyhujioklmknbhvgcrdtfgyhuijokjnbhgvfcexrctvybunimo", "specifications": "", "price": 3000, "stock": 10, "is_available": true, "category": 15, "created_date": "2025-03-07T01:12:42.116Z", "modified_date": "2025-04-08T00:00:07.730Z", "is_deleted": false, "deleted_at": null}}, {"model": "store.product", "pk": 29, "fields": {"product_name": "Dfghj", "slug": "dfghj", "description": "xdcfvgbhnjk,vfxcvbnjm", "specifications": "", "price": 2000, "stock": 2, "is_available": false, "category": 15, "created_date": "2025-03-07T01:14:47.904Z", "modified_date": "2025-03-07T01:19:09.538Z", "is_deleted": true, "deleted_at": "2025-03-07T01:19:09.538Z"}}, {"model": "store.product", "pk": 30, "fields": {"product_name": "Somno", "slug": "somno", "description": "waesdrftghjpsdfghjkolxcvgbhnjmk,lsedrfgyhujikolsedrftgyhjk", "specifications": "", "price": 1500, "stock": 0, "is_available": true, "category": 15, "created_date": "2025-03-08T04:13:30.877Z", "modified_date": "2025-04-23T22:55:48.712Z", "is_deleted": false, "deleted_at": null}}, {"model": "store.product", "pk": 31, "fields": {"product_name": "Qwer", "slug": "qwer", "description": "svfbjkkkkjvggbbgghhhhh", "specifications": "", "price": 750, "stock": 29, "is_available": true, "category": 16, "created_date": "2025-03-08T05:44:32.759Z", "modified_date": "2025-04-23T22:55:48.710Z", "is_deleted": false, "deleted_at": null}}, {"model": "store.product", "pk": 32, "fields": {"product_name": "Qweas", "slug": "qweas", "description": "asdfghjklgnm,,kkkkkkxxcvbadffhgtutrdf", "specifications": "", "price": 500, "stock": 1, "is_available": true, "category": 3, "created_date": "2025-03-17T00:39:59.166Z", "modified_date": "2025-04-19T01:03:31.045Z", "is_deleted": false, "deleted_at": null}}, {"model": "store.productimage", "pk": 6, "fields": {"product": 7, "image": "products/cangelo1.webp"}}, {"model": "store.productimage", "pk": 7, "fields": {"product": 7, "image": "products/cangelo2.webp"}}, {"model": "store.productimage", "pk": 8, "fields": {"product": 9, "image": "products/Etana1.webp"}}, {"model": "store.productimage", "pk": 9, "fields": {"product": 9, "image": "products/etana2.webp"}}, {"model": "store.productimage", "pk": 19, "fields": {"product": 14, "image": "products/zajel1.webp"}}, {"model": "store.productimage", "pk": 20, "fields": {"product": 14, "image": "products/zajel2.webp"}}, {"model": "store.productimage", "pk": 21, "fields": {"product": 15, "image": "products/LITVERSE3.webp"}}, {"model": "store.productimage", "pk": 22, "fields": {"product": 15, "image": "products/LITVERSE1.webp"}}, {"model": "store.productimage", "pk": 23, "fields": {"product": 16, "image": "products/atticus1.webp"}}, {"model": "store.productimage", "pk": 24, "fields": {"product": 16, "image": "products/atticus2_azML3AI.webp"}}, {"model": "store.productimage", "pk": 25, "fields": {"product": 16, "image": "products/atticus3_lSVDMzw.webp"}}, {"model": "store.productimage", "pk": 26, "fields": {"product": 17, "image": "products/ritsu1_IgzTJfs.webp"}}, {"model": "store.productimage", "pk": 27, "fields": {"product": 17, "image": "products/ritsu2_bWJ6mhE.webp"}}, {"model": "store.productimage", "pk": 28, "fields": {"product": 17, "image": "products/ritsu3_szMi0uY.webp"}}, {"model": "store.productimage", "pk": 29, "fields": {"product": 18, "image": "products/trigo1.webp"}}, {"model": "store.productimage", "pk": 30, "fields": {"product": 18, "image": "products/trigo2.webp"}}, {"model": "store.productimage", "pk": 31, "fields": {"product": 18, "image": "products/trigo3.webp"}}, {"model": "store.productimage", "pk": 32, "fields": {"product": 19, "image": "products/ezra1.webp"}}, {"model": "store.productimage", "pk": 33, "fields": {"product": 19, "image": "products/ezra2.webp"}}, {"model": "store.productimage", "pk": 34, "fields": {"product": 22, "image": "products/cropped_dining_table.webp"}}, {"model": "store.productimage", "pk": 36, "fields": {"product": 24, "image": "products/cropped_leif1.webp"}}, {"model": "store.productimage", "pk": 37, "fields": {"product": 24, "image": "products/cropped_leif2.webp"}}, {"model": "store.productimage", "pk": 38, "fields": {"product": 24, "image": "products/cropped_LEIF.jpg"}}, {"model": "store.productimage", "pk": 40, "fields": {"product": 22, "image": "products/cropped_dining_table_f2fHZOS.webp"}}, {"model": "store.productimage", "pk": 41, "fields": {"product": 25, "image": "products/cropped_Ecrin.webp"}}, {"model": "store.productimage", "pk": 42, "fields": {"product": 25, "image": "products/cropped_Ecrin1.webp"}}, {"model": "store.productimage", "pk": 43, "fields": {"product": 26, "image": "products/cropped_wimk1.webp"}}, {"model": "store.productimage", "pk": 44, "fields": {"product": 26, "image": "products/cropped_wimk2.webp"}}, {"model": "store.productimage", "pk": 45, "fields": {"product": 26, "image": "products/cropped_WIMK.jpg"}}, {"model": "store.productimage", "pk": 46, "fields": {"product": 28, "image": "products/cropped_Reshta.webp"}}, {"model": "store.productimage", "pk": 47, "fields": {"product": 28, "image": "products/cropped_Reshta1.webp"}}, {"model": "store.productimage", "pk": 48, "fields": {"product": 28, "image": "products/Reshta2.webp"}}, {"model": "store.productimage", "pk": 49, "fields": {"product": 30, "image": "products/cropped_Somno.webp"}}, {"model": "store.productimage", "pk": 50, "fields": {"product": 30, "image": "products/cropped_Somno1.webp"}}, {"model": "store.productimage", "pk": 51, "fields": {"product": 30, "image": "products/cropped_Somno2.webp"}}, {"model": "store.productimage", "pk": 52, "fields": {"product": 31, "image": "products/cropped_spinner.jpg"}}, {"model": "store.productimage", "pk": 53, "fields": {"product": 31, "image": "products/spinner1.jpg"}}, {"model": "store.productimage", "pk": 54, "fields": {"product": 32, "image": "products/cropped_outdoor_chair.webp"}}, {"model": "store.productimage", "pk": 55, "fields": {"product": 32, "image": "products/cropped_outdoor_chair_BMbZcbX.webp"}}, {"model": "store.productimage", "pk": 56, "fields": {"product": 32, "image": "products/cropped_recliner_chair_1.png"}}, {"model": "store.wishlist", "pk": 2, "fields": {"user": 29, "product": 31, "added_date": "2025-03-21T01:04:16.136Z"}}, {"model": "store.wishlist", "pk": 3, "fields": {"user": 29, "product": 26, "added_date": "2025-03-21T01:09:08.588Z"}}, {"model": "store.wishlist", "pk": 4, "fields": {"user": 29, "product": 16, "added_date": "2025-03-25T00:15:44.962Z"}}, {"model": "store.wishlist", "pk": 11, "fields": {"user": 65, "product": 32, "added_date": "2025-03-25T18:32:49.891Z"}}, {"model": "store.wishlist", "pk": 12, "fields": {"user": 65, "product": 28, "added_date": "2025-03-25T18:34:28.435Z"}}, {"model": "store.wishlist", "pk": 13, "fields": {"user": 65, "product": 26, "added_date": "2025-03-25T19:01:18.110Z"}}, {"model": "store.wishlist", "pk": 14, "fields": {"user": 1, "product": 31, "added_date": "2025-04-01T01:26:53.498Z"}}, {"model": "store.wishlist", "pk": 15, "fields": {"user": 1, "product": 16, "added_date": "2025-04-01T03:40:50.820Z"}}, {"model": "store.wishlist", "pk": 17, "fields": {"user": 1, "product": 32, "added_date": "2025-04-01T04:12:17.643Z"}}, {"model": "store.wishlist", "pk": 18, "fields": {"user": 66, "product": 32, "added_date": "2025-04-10T05:13:50.999Z"}}, {"model": "store.productoffer", "pk": 1, "fields": {"name": "season sale", "description": "End of season sale", "discount_percentage": 10, "is_active": true, "start_date": "2025-04-01T00:53:00Z", "end_date": "2025-04-30T06:23:00Z", "created_at": "2025-04-01T00:53:59.360Z", "updated_at": "2025-04-01T03:21:21.212Z", "product": 16}}, {"model": "store.productoffer", "pk": 2, "fields": {"name": "End of season sale", "description": "serdtfyguhjkcfvghbjnkm,", "discount_percentage": 90, "is_active": true, "start_date": "2025-04-01T04:10:00Z", "end_date": "2025-04-03T09:41:00Z", "created_at": "2025-04-01T04:11:36.846Z", "updated_at": "2025-04-01T04:11:36.846Z", "product": 32}}, {"model": "store.categoryoffer", "pk": 1, "fields": {"name": "season sale", "description": "End of season sale", "discount_percentage": 50, "is_active": true, "start_date": "2025-04-01T00:54:00Z", "end_date": "2025-04-24T06:24:00Z", "created_at": "2025-04-01T00:54:40.090Z", "updated_at": "2025-04-01T03:21:42.013Z", "category": 16}}, {"model": "carts.cart", "pk": 1, "fields": {"cart_id": "a7668a9oq8m7z6id5cfharyawqbbcbcg", "date_added": "2025-02-11"}}, {"model": "carts.cart", "pk": 2, "fields": {"cart_id": "zjefvoprza0fd8ak46hds30s3is3mesq", "date_added": "2025-02-11"}}, {"model": "carts.cart", "pk": 3, "fields": {"cart_id": "0ldz7ltk8w9780snqubumpoow3njc1u0", "date_added": "2025-02-13"}}, {"model": "carts.cart", "pk": 4, "fields": {"cart_id": "i53f8df236rb3ypon8awh4sc4plf07lq", "date_added": "2025-02-15"}}, {"model": "carts.cart", "pk": 5, "fields": {"cart_id": "mtgvv9va5s6ftkeatv3sqgnwe13wclnw", "date_added": "2025-02-15"}}, {"model": "carts.cart", "pk": 6, "fields": {"cart_id": "eumt3pc8vowz4datlvjj2s77qrm79plc", "date_added": "2025-02-16"}}, {"model": "carts.cart", "pk": 7, "fields": {"cart_id": "g1t1dybpu2esm6jd3z4vtht0ewp2tg2v", "date_added": "2025-02-24"}}, {"model": "carts.cart", "pk": 8, "fields": {"cart_id": "cmczdpqcovsi7ey5r6jpjda4so173nxm", "date_added": "2025-03-01"}}, {"model": "carts.cart", "pk": 9, "fields": {"cart_id": "5mha8le1kocbf052ti2dvy5ipzyeas6k", "date_added": "2025-03-01"}}, {"model": "carts.cart", "pk": 10, "fields": {"cart_id": "w2gmdn8wyg7lajlbgu531iertmreur09", "date_added": "2025-03-02"}}, {"model": "carts.cart", "pk": 11, "fields": {"cart_id": "d1m0lnz9dw88bgod2tomyccg2jow746k", "date_added": "2025-03-02"}}, {"model": "carts.cart", "pk": 12, "fields": {"cart_id": "ws9p6rbqqyvvaqbq3eck52vkl0kas498", "date_added": "2025-03-06"}}, {"model": "carts.cart", "pk": 13, "fields": {"cart_id": "1s77fkqbfxuibyvmhboz3ytjv6smlc9z", "date_added": "2025-03-06"}}, {"model": "carts.cart", "pk": 14, "fields": {"cart_id": "282r6s4t2tzn9ds8tbecnguwmjx1yeqf", "date_added": "2025-03-07"}}, {"model": "carts.cart", "pk": 15, "fields": {"cart_id": "nhfzuopa1b156y8x8hgoes9hpejkrov9", "date_added": "2025-03-10"}}, {"model": "carts.cart", "pk": 16, "fields": {"cart_id": "bp8275yqeu6i1cqwfp2j9ymvmr2lqpp6", "date_added": "2025-03-12"}}, {"model": "carts.cart", "pk": 17, "fields": {"cart_id": "p71j3voupaw5uw91d7zc2wwj5dja2qu1", "date_added": "2025-03-12"}}, {"model": "carts.cart", "pk": 18, "fields": {"cart_id": "ji06au9neuvhrajtprh730b6tqunvmll", "date_added": "2025-03-12"}}, {"model": "carts.cart", "pk": 19, "fields": {"cart_id": "rsosjvvzz5dqfev2z0p9xslgo5h85omo", "date_added": "2025-03-13"}}, {"model": "carts.cart", "pk": 20, "fields": {"cart_id": "e9eti95agdvb3h798snw8jeb39jurlgr", "date_added": "2025-03-15"}}, {"model": "carts.cart", "pk": 21, "fields": {"cart_id": "rn1qxu3raynn1n2w0f0gg091545fv72d", "date_added": "2025-03-15"}}, {"model": "carts.cart", "pk": 22, "fields": {"cart_id": "p4ozpfp5wdflwtfamws25rg744ygvm42", "date_added": "2025-03-17"}}, {"model": "carts.cart", "pk": 23, "fields": {"cart_id": "fh55dlt1skzd38li4drw9pmjmy5hotja", "date_added": "2025-03-17"}}, {"model": "carts.cart", "pk": 24, "fields": {"cart_id": "7gx0fhqr7bz7gj48ekgkkmadkn4iudl2", "date_added": "2025-03-17"}}, {"model": "carts.cart", "pk": 25, "fields": {"cart_id": "9zw1j3t42b1p3vaur65h94bqgjxopp28", "date_added": "2025-03-19"}}, {"model": "carts.cart", "pk": 26, "fields": {"cart_id": "0avhno4f8bu8sk3my1wwsdnawxdfumee", "date_added": "2025-03-19"}}, {"model": "carts.cart", "pk": 27, "fields": {"cart_id": "88598ta0ncfm17mt6tek7kspbebkobqp", "date_added": "2025-03-21"}}, {"model": "carts.cart", "pk": 28, "fields": {"cart_id": "tgfeebfngk99kgjr1p5m83bywrvnb4ed", "date_added": "2025-03-22"}}, {"model": "carts.cart", "pk": 29, "fields": {"cart_id": "2cb844d9bhaanoq2b8j985e4pdiy271i", "date_added": "2025-03-22"}}, {"model": "carts.cart", "pk": 30, "fields": {"cart_id": "ir0ez4rr0qpknn8gn8lwqi8wcbwa3cb1", "date_added": "2025-03-22"}}, {"model": "carts.cart", "pk": 31, "fields": {"cart_id": "af8w6kph2429kvl5jdvjq1r3ptlbmpdp", "date_added": "2025-03-22"}}, {"model": "carts.cart", "pk": 32, "fields": {"cart_id": "bnki3nwa9aqyx7q73pdeuhujnltinyj3", "date_added": "2025-03-23"}}, {"model": "carts.cart", "pk": 33, "fields": {"cart_id": "ww3w95lws8ft0rxtr2dkqfgwwptqyi6t", "date_added": "2025-03-25"}}, {"model": "carts.cart", "pk": 34, "fields": {"cart_id": "1rntrpl30eauadluyzys9pzc6tt4zwpj", "date_added": "2025-03-25"}}, {"model": "carts.cart", "pk": 35, "fields": {"cart_id": "2n4lwmzg4mmerofdypy1qq81qreh068h", "date_added": "2025-04-01"}}, {"model": "carts.cart", "pk": 36, "fields": {"cart_id": "0rc95posr15039fkzksm47qvjlm527qh", "date_added": "2025-04-01"}}, {"model": "carts.cart", "pk": 37, "fields": {"cart_id": "hwcdtrssb8vd0enz88pubt4y0y6r35rn", "date_added": "2025-04-01"}}, {"model": "carts.cart", "pk": 38, "fields": {"cart_id": "bphjs5cjrkk1aaqm2a3shsrmznn5inj0", "date_added": "2025-04-07"}}, {"model": "carts.cart", "pk": 39, "fields": {"cart_id": "ts2nbeyg0t1i5jp83ouqa1d3vc1t9ykc", "date_added": "2025-04-08"}}, {"model": "carts.cart", "pk": 40, "fields": {"cart_id": "9hz8scacszae0szhr8fwrjkxmv3tks75", "date_added": "2025-04-10"}}, {"model": "carts.cart", "pk": 41, "fields": {"cart_id": "obxxvcz7cbtecexiz2rjh1fkbaau57l8", "date_added": "2025-04-10"}}, {"model": "carts.cart", "pk": 42, "fields": {"cart_id": "mqefbe5top5joaqbabz6wp5y0jgrwwxp", "date_added": "2025-04-15"}}, {"model": "carts.cart", "pk": 43, "fields": {"cart_id": "qzwwcu1lf832yzxiwhc5zf3m7nb8mdw1", "date_added": "2025-04-19"}}, {"model": "carts.cart", "pk": 44, "fields": {"cart_id": "er6aw6zi7biqe9dqt26194np6qqqha1q", "date_added": "2025-04-24"}}, {"model": "carts.cart", "pk": 45, "fields": {"cart_id": "zdoivr1optwnb6ys1j4ev03awyqy6k8x", "date_added": "2025-04-24"}}, {"model": "carts.cartitem", "pk": 3, "fields": {"product": 7, "cart": 1, "quantity": 2, "is_active": true}}, {"model": "carts.cartitem", "pk": 9, "fields": {"product": 7, "cart": 2, "quantity": 1, "is_active": true}}, {"model": "carts.cartitem", "pk": 17, "fields": {"product": 7, "cart": 9, "quantity": 1, "is_active": true}}, {"model": "carts.cartitem", "pk": 18, "fields": {"product": 7, "cart": 10, "quantity": 1, "is_active": true}}, {"model": "carts.cartitem", "pk": 19, "fields": {"product": 7, "cart": 11, "quantity": 1, "is_active": true}}, {"model": "carts.cartitem", "pk": 20, "fields": {"product": 22, "cart": 12, "quantity": 1, "is_active": true}}, {"model": "carts.cartitem", "pk": 22, "fields": {"product": 17, "cart": 12, "quantity": 1, "is_active": true}}, {"model": "carts.cartitem", "pk": 27, "fields": {"product": 28, "cart": 14, "quantity": 1, "is_active": true}}, {"model": "carts.cartitem", "pk": 38, "fields": {"product": 30, "cart": 15, "quantity": 1, "is_active": true}}, {"model": "carts.cartitem", "pk": 40, "fields": {"product": 25, "cart": 17, "quantity": 1, "is_active": true}}, {"model": "carts.cartitem", "pk": 52, "fields": {"product": 9, "cart": 20, "quantity": 1, "is_active": true}}, {"model": "carts.cartitem", "pk": 61, "fields": {"product": 32, "cart": 25, "quantity": 1, "is_active": true}}, {"model": "carts.cartitem", "pk": 64, "fields": {"product": 32, "cart": 26, "quantity": 1, "is_active": true}}, {"model": "carts.cartitem", "pk": 65, "fields": {"product": 32, "cart": 27, "quantity": 1, "is_active": true}}, {"model": "carts.cartitem", "pk": 66, "fields": {"product": 31, "cart": 28, "quantity": 1, "is_active": true}}, {"model": "carts.cartitem", "pk": 67, "fields": {"product": 32, "cart": 29, "quantity": 1, "is_active": true}}, {"model": "carts.cartitem", "pk": 71, "fields": {"product": 30, "cart": 30, "quantity": 1, "is_active": true}}, {"model": "carts.cartitem", "pk": 72, "fields": {"product": 22, "cart": 31, "quantity": 1, "is_active": true}}, {"model": "carts.cartitem", "pk": 78, "fields": {"product": 22, "cart": 33, "quantity": 1, "is_active": true}}, {"model": "carts.cartitem", "pk": 82, "fields": {"product": 26, "cart": 34, "quantity": 1, "is_active": true}}, {"model": "carts.cartitem", "pk": 83, "fields": {"product": 26, "cart": 35, "quantity": 1, "is_active": true}}, {"model": "carts.cartitem", "pk": 100, "fields": {"product": 31, "cart": 37, "quantity": 1, "is_active": true}}, {"model": "carts.cartitem", "pk": 106, "fields": {"product": 32, "cart": 40, "quantity": 2, "is_active": true}}, {"model": "carts.cartitem", "pk": 107, "fields": {"product": 31, "cart": 40, "quantity": 1, "is_active": true}}, {"model": "carts.cartitem", "pk": 117, "fields": {"product": 31, "cart": 44, "quantity": 1, "is_active": true}}, {"model": "orders.payment", "pk": 1, "fields": {"user": 29, "payment_id": "12B90471NV614814H", "payment_method": "PayPal", "amount_paid": "15300.0", "status": "COMPLETED", "created_at": "2025-03-22T20:28:25.066Z"}}, {"model": "orders.payment", "pk": 2, "fields": {"user": 29, "payment_id": "COD-2025032387", "payment_method": "COD", "amount_paid": "16830.0", "status": "Pending", "created_at": "2025-03-22T20:42:55.011Z"}}, {"model": "orders.payment", "pk": 3, "fields": {"user": 29, "payment_id": "COD-2025032388", "payment_method": "COD", "amount_paid": "15300.0", "status": "Pending", "created_at": "2025-03-22T20:45:37.085Z"}}, {"model": "orders.payment", "pk": 4, "fields": {"user": 1, "payment_id": "8387542710513220M", "payment_method": "PayPal", "amount_paid": "25500.0", "status": "COMPLETED", "created_at": "2025-03-25T00:02:54.423Z"}}, {"model": "orders.payment", "pk": 5, "fields": {"user": 65, "payment_id": "06S08143HY605554D", "payment_method": "PayPal", "amount_paid": "5200.0", "status": "COMPLETED", "created_at": "2025-03-25T00:33:43.712Z"}}, {"model": "orders.payment", "pk": 6, "fields": {"user": 1, "payment_id": "COD-2025040198", "payment_method": "COD", "amount_paid": "1020.0", "status": "Pending", "created_at": "2025-03-31T20:48:47.584Z"}}, {"model": "orders.payment", "pk": 7, "fields": {"user": 1, "payment_id": "51H01878SH471602H", "payment_method": "PayPal", "amount_paid": "1020.0", "status": "COMPLETED", "created_at": "2025-03-31T20:49:45.922Z"}}, {"model": "orders.payment", "pk": 8, "fields": {"user": 1, "payment_id": "WALLET-20250401102", "payment_method": "Wallet", "amount_paid": "1020.0", "status": "Completed", "created_at": "2025-04-01T00:14:09.919Z"}}, {"model": "orders.payment", "pk": 9, "fields": {"user": 1, "payment_id": "WALLET-20250401103", "payment_method": "Wallet", "amount_paid": "2040.0", "status": "Completed", "created_at": "2025-04-01T00:16:22.239Z"}}, {"model": "orders.payment", "pk": 10, "fields": {"user": 1, "payment_id": "WALLET-20250401113", "payment_method": "Wallet", "amount_paid": "1530.0", "status": "Completed", "created_at": "2025-04-01T03:15:08.075Z"}}, {"model": "orders.payment", "pk": 11, "fields": {"user": 1, "payment_id": "WALLET-20250401115", "payment_method": "Wallet", "amount_paid": "1530.0", "status": "Completed", "created_at": "2025-04-01T03:19:43.832Z"}}, {"model": "orders.payment", "pk": 12, "fields": {"user": 1, "payment_id": "COD-20250401116", "payment_method": "COD", "amount_paid": "9180.0", "status": "Pending", "created_at": "2025-04-01T04:14:18.142Z"}}, {"model": "orders.payment", "pk": 13, "fields": {"user": 1, "payment_id": "4H511207D0222873G", "payment_method": "PayPal", "amount_paid": "3060.0", "status": "COMPLETED", "created_at": "2025-04-01T04:19:06.964Z"}}, {"model": "orders.payment", "pk": 14, "fields": {"user": 1, "payment_id": "WALLET-20250402125", "payment_method": "Wallet", "amount_paid": "918.0", "status": "Completed", "created_at": "2025-04-02T13:53:39.786Z"}}, {"model": "orders.payment", "pk": 15, "fields": {"user": 29, "payment_id": "COD-20250407131", "payment_method": "COD", "amount_paid": "765.0", "status": "Pending", "created_at": "2025-04-06T23:28:34.646Z"}}, {"model": "orders.payment", "pk": 16, "fields": {"user": 1, "payment_id": "COD-20250408136", "payment_method": "COD", "amount_paid": "785.0", "status": "Pending", "created_at": "2025-04-07T23:17:11.622Z"}}, {"model": "orders.payment", "pk": 17, "fields": {"user": 1, "payment_id": "WALLET-20250408137", "payment_method": "Wallet", "amount_paid": "785.0", "status": "Completed", "created_at": "2025-04-07T23:28:19.305Z"}}, {"model": "orders.payment", "pk": 18, "fields": {"user": 1, "payment_id": "60519115TE303821Y", "payment_method": "PayPal", "amount_paid": "402.5", "status": "COMPLETED", "created_at": "2025-04-09T00:06:12.466Z"}}, {"model": "orders.payment", "pk": 19, "fields": {"user": 29, "payment_id": "0VV91487T56520946", "payment_method": "PayPal", "amount_paid": "892.5", "status": "COMPLETED", "created_at": "2025-04-10T05:23:46.099Z"}}, {"model": "orders.payment", "pk": 20, "fields": {"user": 29, "payment_id": "WALLET-20250410155", "payment_method": "Wallet", "amount_paid": "530.0", "status": "Completed", "created_at": "2025-04-10T05:29:43.141Z"}}, {"model": "orders.payment", "pk": 21, "fields": {"user": 29, "payment_id": "5D408334EC161920J", "payment_method": "PayPal", "amount_paid": "2422.5", "status": "COMPLETED", "created_at": "2025-04-14T23:47:56.424Z"}}, {"model": "orders.payment", "pk": 22, "fields": {"user": 1, "payment_id": "3KL17573YN556721M", "payment_method": "PayPal", "amount_paid": "912.5", "status": "COMPLETED", "created_at": "2025-04-19T01:03:31.034Z"}}, {"model": "orders.payment", "pk": 23, "fields": {"user": 29, "payment_id": "73A25013EA716912U", "payment_method": "PayPal", "amount_paid": "2677.5", "status": "COMPLETED", "created_at": "2025-04-23T22:55:48.704Z"}}, {"model": "orders.coupon", "pk": 1, "fields": {"code": "ASDF", "discount_type": "percentage", "discount_value": "1", "minimum_purchase": "1000", "valid_from": "2025-03-17T00:34:00Z", "valid_to": "2025-03-26T00:34:00Z", "max_usage": 1, "times_used": 1, "is_active": false, "created_at": "2025-03-18T19:04:56.258Z"}}, {"model": "orders.coupon", "pk": 2, "fields": {"code": "ASDFG", "discount_type": "fixed", "discount_value": "200", "minimum_purchase": "500", "valid_from": "2025-03-19T00:34:00Z", "valid_to": "2025-03-26T00:34:00Z", "max_usage": 3, "times_used": 1, "is_active": true, "created_at": "2025-03-18T19:06:46.872Z"}}, {"model": "orders.coupon", "pk": 3, "fields": {"code": "QWER", "discount_type": "fixed", "discount_value": "100", "minimum_purchase": "500", "valid_from": "2025-03-21T14:51:00Z", "valid_to": "2025-03-28T14:51:00Z", "max_usage": 4, "times_used": 2, "is_active": true, "created_at": "2025-03-22T09:21:59.866Z"}}, {"model": "orders.coupon", "pk": 4, "fields": {"code": "ZXCV", "discount_type": "percentage", "discount_value": "1", "minimum_purchase": "1000", "valid_from": "2025-03-25T00:07:00Z", "valid_to": "2025-03-29T00:07:00Z", "max_usage": 5, "times_used": 0, "is_active": true, "created_at": "2025-03-24T18:37:25.236Z"}}, {"model": "orders.coupon", "pk": 5, "fields": {"code": "POIU", "discount_type": "fixed", "discount_value": "300", "minimum_purchase": "1000", "valid_from": "2025-03-25T00:08:00Z", "valid_to": "2025-04-03T00:08:00Z", "max_usage": 10, "times_used": 0, "is_active": true, "created_at": "2025-03-24T18:38:20.987Z"}}, {"model": "orders.coupon", "pk": 6, "fields": {"code": "LKJH", "discount_type": "percentage", "discount_value": "50", "minimum_purchase": "1000", "valid_from": "2025-03-24T05:58:00Z", "valid_to": "2025-03-31T05:58:00Z", "max_usage": 3, "times_used": 1, "is_active": true, "created_at": "2025-03-25T00:29:05.765Z"}}, {"model": "orders.coupon", "pk": 7, "fields": {"code": "ZAQW", "discount_type": "fixed", "discount_value": "200", "minimum_purchase": "1000", "valid_from": "2025-03-31T01:10:00Z", "valid_to": "2025-04-18T01:11:00Z", "max_usage": 10, "times_used": 2, "is_active": true, "created_at": "2025-03-31T19:41:18.062Z"}}, {"model": "orders.coupon", "pk": 8, "fields": {"code": "LPO", "discount_type": "fixed", "discount_value": "100", "minimum_purchase": "500", "valid_from": "2025-04-01T08:07:00Z", "valid_to": "2025-04-09T08:07:00Z", "max_usage": 1, "times_used": 1, "is_active": true, "created_at": "2025-04-01T02:37:24.547Z"}}, {"model": "orders.coupon", "pk": 9, "fields": {"code": "LKJ", "discount_type": "fixed", "discount_value": "100", "minimum_purchase": "500", "valid_from": "2025-04-01T08:12:00Z", "valid_to": "2025-04-10T08:12:00Z", "max_usage": 1, "times_used": 0, "is_active": true, "created_at": "2025-04-01T02:42:41.854Z"}}, {"model": "orders.coupon", "pk": 10, "fields": {"code": "GHJK", "discount_type": "percentage", "discount_value": "10", "minimum_purchase": "500", "valid_from": "2025-04-01T08:41:00Z", "valid_to": "2025-04-17T08:41:00Z", "max_usage": 1, "times_used": 0, "is_active": true, "created_at": "2025-04-01T03:11:18.923Z"}}, {"model": "orders.coupon", "pk": 11, "fields": {"code": "XCVBN", "discount_type": "percentage", "discount_value": "100", "minimum_purchase": "100", "valid_from": "2025-04-01T09:39:00Z", "valid_to": "2025-04-17T09:39:00Z", "max_usage": 1, "times_used": 0, "is_active": true, "created_at": "2025-04-01T04:09:56.722Z"}}, {"model": "orders.coupon", "pk": 12, "fields": {"code": "LPOIU", "discount_type": "fixed", "discount_value": "100", "minimum_purchase": "500", "valid_from": "2025-04-01T19:43:00Z", "valid_to": "2025-04-09T19:43:00Z", "max_usage": 5, "times_used": 1, "is_active": true, "created_at": "2025-04-02T14:13:51.532Z"}}, {"model": "orders.coupon", "pk": 13, "fields": {"code": "RSTU", "discount_type": "fixed", "discount_value": "200", "minimum_purchase": "1000", "valid_from": "2025-04-18T06:25:00Z", "valid_to": "2025-04-22T06:26:00Z", "max_usage": 1, "times_used": 1, "is_active": true, "created_at": "2025-04-19T00:56:06.815Z"}}, {"model": "orders.coupon", "pk": 14, "fields": {"code": "SALE", "discount_type": "fixed", "discount_value": "100", "minimum_purchase": "500", "valid_from": "2025-04-23T02:33:00Z", "valid_to": "2025-04-30T02:33:00Z", "max_usage": 1, "times_used": 1, "is_active": true, "created_at": "2025-04-23T21:03:34.437Z"}}, {"model": "orders.coupon", "pk": 15, "fields": {"code": "OFFER", "discount_type": "percentage", "discount_value": "2", "minimum_purchase": "500", "valid_from": "2025-04-23T02:33:00Z", "valid_to": "2025-04-30T02:34:00Z", "max_usage": 1, "times_used": 0, "is_active": true, "created_at": "2025-04-23T21:04:05.790Z"}}, {"model": "orders.couponusage", "pk": 1, "fields": {"coupon": 2, "user": 1, "order": 39, "used_at": "2025-03-19T18:33:33.703Z"}}, {"model": "orders.couponusage", "pk": 2, "fields": {"coupon": 1, "user": 1, "order": 42, "used_at": "2025-03-20T18:11:51.985Z"}}, {"model": "orders.couponusage", "pk": 3, "fields": {"coupon": 3, "user": 1, "order": 44, "used_at": "2025-03-22T09:44:22.104Z"}}, {"model": "orders.couponusage", "pk": 4, "fields": {"coupon": 3, "user": 38, "order": 47, "used_at": "2025-03-22T09:50:18.962Z"}}, {"model": "orders.couponusage", "pk": 5, "fields": {"coupon": 6, "user": 65, "order": 90, "used_at": "2025-03-25T00:30:41.159Z"}}, {"model": "orders.couponusage", "pk": 6, "fields": {"coupon": 7, "user": 1, "order": 93, "used_at": "2025-03-31T19:42:30.497Z"}}, {"model": "orders.couponusage", "pk": 7, "fields": {"coupon": 12, "user": 1, "order": 128, "used_at": "2025-04-06T21:51:43.511Z"}}, {"model": "orders.couponusage", "pk": 8, "fields": {"coupon": 8, "user": 29, "order": 130, "used_at": "2025-04-06T23:27:28.285Z"}}, {"model": "orders.couponusage", "pk": 9, "fields": {"coupon": 7, "user": 29, "order": 159, "used_at": "2025-04-14T23:46:41.132Z"}}, {"model": "orders.couponusage", "pk": 10, "fields": {"coupon": 13, "user": 1, "order": 161, "used_at": "2025-04-19T00:56:47.857Z"}}, {"model": "orders.couponusage", "pk": 11, "fields": {"coupon": 14, "user": 29, "order": 165, "used_at": "2025-04-23T22:54:27.171Z"}}, {"model": "orders.trackingupdate", "pk": 1, "fields": {"order": 76, "status": "Order Placed", "location": null, "timestamp": "2025-03-22T20:28:25.076Z", "description": "Order placed successfully with PayPal payment."}}, {"model": "orders.trackingupdate", "pk": 2, "fields": {"order": 87, "status": "Order Placed", "location": null, "timestamp": "2025-03-22T20:42:55.021Z", "description": "Order placed successfully with Cash On Delivery."}}, {"model": "orders.trackingupdate", "pk": 3, "fields": {"order": 88, "status": "Order Placed", "location": null, "timestamp": "2025-03-22T20:45:37.093Z", "description": "Order placed successfully with Cash On Delivery."}}, {"model": "orders.trackingupdate", "pk": 4, "fields": {"order": 87, "status": "Processing", "location": null, "timestamp": "2025-03-22T20:52:35.483Z", "description": "Order status updated to Processing"}}, {"model": "orders.trackingupdate", "pk": 5, "fields": {"order": 88, "status": "Processing", "location": null, "timestamp": "2025-03-24T18:41:22.906Z", "description": "Order status updated to Processing"}}, {"model": "orders.trackingupdate", "pk": 6, "fields": {"order": 86, "status": "Processing", "location": null, "timestamp": "2025-03-24T18:41:35.129Z", "description": "Order status updated to Processing"}}, {"model": "orders.trackingupdate", "pk": 7, "fields": {"order": 86, "status": "Shipped", "location": null, "timestamp": "2025-03-24T18:41:48.539Z", "description": "Order status updated to Shipped"}}, {"model": "orders.trackingupdate", "pk": 8, "fields": {"order": 89, "status": "Order Placed", "location": null, "timestamp": "2025-03-25T00:02:54.433Z", "description": "Order placed successfully with PayPal payment."}}, {"model": "orders.trackingupdate", "pk": 9, "fields": {"order": 90, "status": "Order Placed", "location": null, "timestamp": "2025-03-25T00:33:43.719Z", "description": "Order placed successfully with PayPal payment."}}, {"model": "orders.trackingupdate", "pk": 10, "fields": {"order": 90, "status": "Processing", "location": null, "timestamp": "2025-03-25T00:36:16.027Z", "description": "Order status updated to Processing"}}, {"model": "orders.trackingupdate", "pk": 11, "fields": {"order": 90, "status": "Cancelled", "location": null, "timestamp": "2025-03-25T00:38:00.905Z", "description": "Order status updated to Cancelled"}}, {"model": "orders.trackingupdate", "pk": 12, "fields": {"order": 97, "status": "Processing", "location": null, "timestamp": "2025-03-31T20:45:26.613Z", "description": "Order status updated to Processing"}}, {"model": "orders.trackingupdate", "pk": 13, "fields": {"order": 97, "status": "Shipped", "location": null, "timestamp": "2025-03-31T20:45:33.014Z", "description": "Order status updated to Shipped"}}, {"model": "orders.trackingupdate", "pk": 14, "fields": {"order": 97, "status": "Delivered", "location": null, "timestamp": "2025-03-31T20:45:39.970Z", "description": "Order status updated to Delivered"}}, {"model": "orders.trackingupdate", "pk": 15, "fields": {"order": 89, "status": "Processing", "location": null, "timestamp": "2025-03-31T20:47:13.264Z", "description": "Order status updated to Processing"}}, {"model": "orders.trackingupdate", "pk": 16, "fields": {"order": 89, "status": "Shipped", "location": null, "timestamp": "2025-03-31T20:47:19.823Z", "description": "Order status updated to Shipped"}}, {"model": "orders.trackingupdate", "pk": 17, "fields": {"order": 89, "status": "Delivered", "location": null, "timestamp": "2025-03-31T20:47:26.377Z", "description": "Order status updated to Delivered"}}, {"model": "orders.trackingupdate", "pk": 18, "fields": {"order": 98, "status": "Order Placed", "location": null, "timestamp": "2025-03-31T20:48:47.592Z", "description": "Order placed successfully with Cash On Delivery."}}, {"model": "orders.trackingupdate", "pk": 19, "fields": {"order": 99, "status": "Order Placed", "location": null, "timestamp": "2025-03-31T20:49:45.926Z", "description": "Order placed successfully with PayPal payment."}}, {"model": "orders.trackingupdate", "pk": 20, "fields": {"order": 98, "status": "Processing", "location": null, "timestamp": "2025-03-31T23:51:07.495Z", "description": "Order status updated to Processing"}}, {"model": "orders.trackingupdate", "pk": 21, "fields": {"order": 98, "status": "Shipped", "location": null, "timestamp": "2025-03-31T23:51:12.125Z", "description": "Order status updated to Shipped"}}, {"model": "orders.trackingupdate", "pk": 22, "fields": {"order": 102, "status": "Order Placed", "location": null, "timestamp": "2025-04-01T00:14:09.931Z", "description": "Order placed successfully with Wallet payment."}}, {"model": "orders.trackingupdate", "pk": 23, "fields": {"order": 103, "status": "Order Placed", "location": null, "timestamp": "2025-04-01T00:16:22.248Z", "description": "Order placed successfully with Wallet payment."}}, {"model": "orders.trackingupdate", "pk": 24, "fields": {"order": 113, "status": "Order Placed", "location": null, "timestamp": "2025-04-01T03:15:08.097Z", "description": "Order placed successfully with Wallet payment."}}, {"model": "orders.trackingupdate", "pk": 25, "fields": {"order": 115, "status": "Order Placed", "location": null, "timestamp": "2025-04-01T03:19:43.844Z", "description": "Order placed successfully with Wallet payment."}}, {"model": "orders.trackingupdate", "pk": 26, "fields": {"order": 116, "status": "Order Placed", "location": null, "timestamp": "2025-04-01T04:14:18.150Z", "description": "Order placed successfully with Cash On Delivery."}}, {"model": "orders.trackingupdate", "pk": 27, "fields": {"order": 118, "status": "Order Placed", "location": null, "timestamp": "2025-04-01T04:19:06.973Z", "description": "Order placed successfully with PayPal payment."}}, {"model": "orders.trackingupdate", "pk": 28, "fields": {"order": 117, "status": "Processing", "location": null, "timestamp": "2025-04-01T04:24:45.389Z", "description": "Order status updated to Processing"}}, {"model": "orders.trackingupdate", "pk": 29, "fields": {"order": 117, "status": "Shipped", "location": null, "timestamp": "2025-04-01T04:24:50.073Z", "description": "Order status updated to Shipped"}}, {"model": "orders.trackingupdate", "pk": 30, "fields": {"order": 117, "status": "Delivered", "location": null, "timestamp": "2025-04-01T04:24:54.426Z", "description": "Order status updated to Delivered"}}, {"model": "orders.trackingupdate", "pk": 31, "fields": {"order": 116, "status": "Processing", "location": null, "timestamp": "2025-04-01T04:25:32.597Z", "description": "Order status updated to Processing"}}, {"model": "orders.trackingupdate", "pk": 32, "fields": {"order": 116, "status": "Shipped", "location": null, "timestamp": "2025-04-01T04:25:37.401Z", "description": "Order status updated to Shipped"}}, {"model": "orders.trackingupdate", "pk": 33, "fields": {"order": 116, "status": "Delivered", "location": null, "timestamp": "2025-04-01T04:25:41.620Z", "description": "Order status updated to Delivered"}}, {"model": "orders.trackingupdate", "pk": 34, "fields": {"order": 125, "status": "Order Placed", "location": null, "timestamp": "2025-04-02T13:53:39.797Z", "description": "Order placed successfully with Wallet payment."}}, {"model": "orders.trackingupdate", "pk": 35, "fields": {"order": 131, "status": "Order Placed", "location": null, "timestamp": "2025-04-06T23:28:34.650Z", "description": "Order placed successfully with Cash On Delivery."}}, {"model": "orders.trackingupdate", "pk": 36, "fields": {"order": 131, "status": "Processing", "location": null, "timestamp": "2025-04-06T23:31:53.494Z", "description": "Order status updated to Processing"}}, {"model": "orders.trackingupdate", "pk": 37, "fields": {"order": 128, "status": "Processing", "location": null, "timestamp": "2025-04-06T23:42:54.998Z", "description": "Order status updated to Processing"}}, {"model": "orders.trackingupdate", "pk": 38, "fields": {"order": 125, "status": "Processing", "location": null, "timestamp": "2025-04-06T23:43:27.449Z", "description": "Order status updated to Processing"}}, {"model": "orders.trackingupdate", "pk": 39, "fields": {"order": 136, "status": "Order Placed", "location": null, "timestamp": "2025-04-07T23:17:11.626Z", "description": "Order placed successfully with Cash On Delivery."}}, {"model": "orders.trackingupdate", "pk": 40, "fields": {"order": 137, "status": "Order Placed", "location": null, "timestamp": "2025-04-07T23:28:19.310Z", "description": "Order placed successfully with Wallet payment."}}, {"model": "orders.trackingupdate", "pk": 41, "fields": {"order": 149, "status": "Order Placed", "location": null, "timestamp": "2025-04-09T00:06:12.471Z", "description": "Order placed successfully with PayPal payment."}}, {"model": "orders.trackingupdate", "pk": 42, "fields": {"order": 154, "status": "Order Placed", "location": null, "timestamp": "2025-04-10T05:23:46.104Z", "description": "Order placed successfully with PayPal payment."}}, {"model": "orders.trackingupdate", "pk": 43, "fields": {"order": 154, "status": "Processing", "location": null, "timestamp": "2025-04-10T05:25:54.967Z", "description": "Order status updated to Processing"}}, {"model": "orders.trackingupdate", "pk": 44, "fields": {"order": 154, "status": "Shipped", "location": null, "timestamp": "2025-04-10T05:25:59.401Z", "description": "Order status updated to Shipped"}}, {"model": "orders.trackingupdate", "pk": 45, "fields": {"order": 154, "status": "Delivered", "location": null, "timestamp": "2025-04-10T05:26:03.624Z", "description": "Order status updated to Delivered"}}, {"model": "orders.trackingupdate", "pk": 46, "fields": {"order": 155, "status": "Order Placed", "location": null, "timestamp": "2025-04-10T05:29:43.142Z", "description": "Order placed successfully with Wallet payment."}}, {"model": "orders.trackingupdate", "pk": 47, "fields": {"order": 160, "status": "Order Placed", "location": null, "timestamp": "2025-04-14T23:47:56.427Z", "description": "Order placed successfully with PayPal payment."}}, {"model": "orders.trackingupdate", "pk": 48, "fields": {"order": 160, "status": "Processing", "location": null, "timestamp": "2025-04-14T23:48:48.880Z", "description": "Order status updated to Processing"}}, {"model": "orders.trackingupdate", "pk": 49, "fields": {"order": 160, "status": "Shipped", "location": null, "timestamp": "2025-04-14T23:48:53.148Z", "description": "Order status updated to Shipped"}}, {"model": "orders.trackingupdate", "pk": 50, "fields": {"order": 160, "status": "Delivered", "location": null, "timestamp": "2025-04-14T23:48:57.522Z", "description": "Order status updated to Delivered"}}, {"model": "orders.trackingupdate", "pk": 51, "fields": {"order": 162, "status": "Processing", "location": null, "timestamp": "2025-04-19T01:02:07.891Z", "description": "Order status updated to Processing"}}, {"model": "orders.trackingupdate", "pk": 52, "fields": {"order": 162, "status": "Shipped", "location": null, "timestamp": "2025-04-19T01:02:12.873Z", "description": "Order status updated to Shipped"}}, {"model": "orders.trackingupdate", "pk": 53, "fields": {"order": 162, "status": "Delivered", "location": null, "timestamp": "2025-04-19T01:02:17.127Z", "description": "Order status updated to Delivered"}}, {"model": "orders.trackingupdate", "pk": 54, "fields": {"order": 125, "status": "Shipped", "location": null, "timestamp": "2025-04-19T01:02:43.612Z", "description": "Order status updated to Shipped"}}, {"model": "orders.trackingupdate", "pk": 55, "fields": {"order": 163, "status": "Order Placed", "location": null, "timestamp": "2025-04-19T01:03:31.036Z", "description": "Order placed successfully with PayPal payment."}}, {"model": "orders.trackingupdate", "pk": 56, "fields": {"order": 167, "status": "Order Placed", "location": null, "timestamp": "2025-04-23T22:55:48.705Z", "description": "Order placed successfully with PayPal payment."}}, {"model": "orders.order", "pk": 1, "fields": {"user": 29, "order_number": "202503101", "first_name": "shafna", "last_name": "vk", "phone": "75939 44616", "email": "shafnavk70@gmail.com", "address_line_1": "eswdrftgyhuj", "address_line_2": "sxdcfvgbhnj", "city": "Kozhikode", "state": "kerala", "country": "india", "pincode": "673535", "order_note": "", "order_total": 1530.0, "tax": 30.0, "status": "Shipped", "ip": "127.0.0.1", "is_ordered": true, "payment_method": "COD", "created_at": "2025-03-09T22:22:52.612Z", "updated_at": "2025-03-16T20:20:54.086Z", "coupon": null, "discount_amount": 0.0, "product_discount": 0.0, "delivery_charge": 0.0, "estimated_delivery_date": null, "tracking_number": null, "carrier": null, "refund_status": "Not Requested", "refund_reason": null, "refunded_at": null}}, {"model": "orders.order", "pk": 2, "fields": {"user": 29, "order_number": "202503102", "first_name": "rafi", "last_name": "mrm", "phone": "75939 44616", "email": "shafnavk70@gmail.com", "address_line_1": "sdfgyhuij", "address_line_2": "xdfcghjk", "city": "xdcfvgbh", "state": "fcvgbh", "country": "gvbhnj", "pincode": "1234454", "order_note": "", "order_total": 15300.0, "tax": 300.0, "status": "New", "ip": "127.0.0.1", "is_ordered": true, "payment_method": "COD", "created_at": "2025-03-09T22:26:26.379Z", "updated_at": "2025-03-09T22:26:29.842Z", "coupon": null, "discount_amount": 0.0, "product_discount": 0.0, "delivery_charge": 0.0, "estimated_delivery_date": null, "tracking_number": null, "carrier": null, "refund_status": "Not Requested", "refund_reason": null, "refunded_at": null}}, {"model": "orders.order", "pk": 3, "fields": {"user": 29, "order_number": "202503103", "first_name": "vbn", "last_name": "bnn", "phone": "75939 44616", "email": "asdfg@gmail.com", "address_line_1": "cfghj", "address_line_2": "xdcfgvhbjnk", "city": "dxcfvghb", "state": "dfcgvhbjn", "country": "dfghj", "pincode": "1234", "order_note": "", "order_total": 15300.0, "tax": 300.0, "status": "New", "ip": "127.0.0.1", "is_ordered": true, "payment_method": "COD", "created_at": "2025-03-09T22:29:15.923Z", "updated_at": "2025-03-09T22:29:32.717Z", "coupon": null, "discount_amount": 0.0, "product_discount": 0.0, "delivery_charge": 0.0, "estimated_delivery_date": null, "tracking_number": null, "carrier": null, "refund_status": "Not Requested", "refund_reason": null, "refunded_at": null}}, {"model": "orders.order", "pk": 4, "fields": {"user": 29, "order_number": "202503104", "first_name": "dfcgvhbj1", "last_name": "bhnj", "phone": "75939 44616", "email": "shafnavk70@gmail.com", "address_line_1": "ghjvgbnjk", "address_line_2": "swedrftgyhuji", "city": "Kozhikode", "state": "KL", "country": "IN", "pincode": "673525", "order_note": "", "order_total": 52500.0, "tax": 2500.0, "status": "New", "ip": "127.0.0.1", "is_ordered": false, "payment_method": "COD", "created_at": "2025-03-10T00:08:05.596Z", "updated_at": "2025-03-10T00:08:05.604Z", "coupon": null, "discount_amount": 0.0, "product_discount": 0.0, "delivery_charge": 0.0, "estimated_delivery_date": null, "tracking_number": null, "carrier": null, "refund_status": "Not Requested", "refund_reason": null, "refunded_at": null}}, {"model": "orders.order", "pk": 5, "fields": {"user": 29, "order_number": "202503105", "first_name": "dfcgvhbj1", "last_name": "bhnj", "phone": "7593944616", "email": "shafnavk70@gmail.com", "address_line_1": "ghjvgbnjk", "address_line_2": "swedrftgyhuji", "city": "Kozhikode", "state": "KL", "country": "IN", "pincode": "673525", "order_note": "", "order_total": 52500.0, "tax": 2500.0, "status": "New", "ip": "127.0.0.1", "is_ordered": false, "payment_method": "COD", "created_at": "2025-03-10T00:08:32.449Z", "updated_at": "2025-03-10T00:08:32.452Z", "coupon": null, "discount_amount": 0.0, "product_discount": 0.0, "delivery_charge": 0.0, "estimated_delivery_date": null, "tracking_number": null, "carrier": null, "refund_status": "Not Requested", "refund_reason": null, "refunded_at": null}}, {"model": "orders.order", "pk": 6, "fields": {"user": 29, "order_number": "202503106", "first_name": "rafi", "last_name": "mrm", "phone": "75939 44616", "email": "rafimrm@gmail.com", "address_line_1": "szdxfcghvjk", "address_line_2": "fdcgvhjbknlm", "city": "Kozhikode", "state": "KL", "country": "IN", "pincode": "673525", "order_note": "", "order_total": 52500.0, "tax": 2500.0, "status": "New", "ip": "127.0.0.1", "is_ordered": true, "payment_method": "COD", "created_at": "2025-03-10T01:12:20.826Z", "updated_at": "2025-03-10T01:12:24.718Z", "coupon": null, "discount_amount": 0.0, "product_discount": 0.0, "delivery_charge": 0.0, "estimated_delivery_date": null, "tracking_number": null, "carrier": null, "refund_status": "Not Requested", "refund_reason": null, "refunded_at": null}}, {"model": "orders.order", "pk": 7, "fields": {"user": 29, "order_number": "202503117", "first_name": "rafi", "last_name": "vk", "phone": "75939 44616", "email": "shafnavk70@gmail.com", "address_line_1": "wsedrftgyhu", "address_line_2": "sxdcfvgbhnj", "city": "Kozhikode", "state": "KL", "country": "IN", "pincode": "673525", "order_note": "dfcghjk", "order_total": 2100.0, "tax": 100.0, "status": "New", "ip": "127.0.0.1", "is_ordered": true, "payment_method": "COD", "created_at": "2025-03-10T18:50:08.575Z", "updated_at": "2025-03-10T18:50:10.024Z", "coupon": null, "discount_amount": 0.0, "product_discount": 0.0, "delivery_charge": 0.0, "estimated_delivery_date": null, "tracking_number": null, "carrier": null, "refund_status": "Not Requested", "refund_reason": null, "refunded_at": null}}, {"model": "orders.order", "pk": 8, "fields": {"user": 29, "order_number": "202503118", "first_name": "john", "last_name": "doe", "phone": "75939 44616", "email": "johndoe@gmail.com", "address_line_1": "dxfghjkl", "address_line_2": "cfvgbhnjkm,l", "city": "Kozhikode", "state": "KL", "country": "IN", "pincode": "673525", "order_note": "", "order_total": 26250.0, "tax": 1250.0, "status": "New", "ip": "127.0.0.1", "is_ordered": false, "payment_method": "COD", "created_at": "2025-03-10T18:53:46.749Z", "updated_at": "2025-03-10T18:53:46.752Z", "coupon": null, "discount_amount": 0.0, "product_discount": 0.0, "delivery_charge": 0.0, "estimated_delivery_date": null, "tracking_number": null, "carrier": null, "refund_status": "Not Requested", "refund_reason": null, "refunded_at": null}}, {"model": "orders.order", "pk": 9, "fields": {"user": 29, "order_number": "202503119", "first_name": "john", "last_name": "doe", "phone": "75939 44616", "email": "johndoe@gmail.com", "address_line_1": "dxfghjkl", "address_line_2": "cfvgbhnjkm,l", "city": "Kozhikode", "state": "KL", "country": "IN", "pincode": "673525", "order_note": "", "order_total": 26250.0, "tax": 1250.0, "status": "New", "ip": "127.0.0.1", "is_ordered": false, "payment_method": "COD", "created_at": "2025-03-10T18:56:48.672Z", "updated_at": "2025-03-10T18:56:48.682Z", "coupon": null, "discount_amount": 0.0, "product_discount": 0.0, "delivery_charge": 0.0, "estimated_delivery_date": null, "tracking_number": null, "carrier": null, "refund_status": "Not Requested", "refund_reason": null, "refunded_at": null}}, {"model": "orders.order", "pk": 10, "fields": {"user": 29, "order_number": "2025031110", "first_name": "john", "last_name": "doe", "phone": "75939 44616", "email": "johndoe@gmail.com", "address_line_1": "dxfghjkl", "address_line_2": "cfvgbhnjkm,l", "city": "Kozhikode", "state": "KL", "country": "IN", "pincode": "673525", "order_note": "", "order_total": 26250.0, "tax": 1250.0, "status": "New", "ip": "127.0.0.1", "is_ordered": false, "payment_method": "COD", "created_at": "2025-03-10T18:57:14.443Z", "updated_at": "2025-03-10T18:57:14.447Z", "coupon": null, "discount_amount": 0.0, "product_discount": 0.0, "delivery_charge": 0.0, "estimated_delivery_date": null, "tracking_number": null, "carrier": null, "refund_status": "Not Requested", "refund_reason": null, "refunded_at": null}}, {"model": "orders.order", "pk": 11, "fields": {"user": 29, "order_number": "2025031111", "first_name": "john", "last_name": "doe", "phone": "75939 44616", "email": "johndoe@gmail.com", "address_line_1": "dxfghjkl", "address_line_2": "cfvgbhnjkm,l", "city": "Kozhikode", "state": "KL", "country": "IN", "pincode": "673525", "order_note": "", "order_total": 26250.0, "tax": 1250.0, "status": "New", "ip": "127.0.0.1", "is_ordered": false, "payment_method": "COD", "created_at": "2025-03-10T19:04:18.627Z", "updated_at": "2025-03-10T19:04:18.635Z", "coupon": null, "discount_amount": 0.0, "product_discount": 0.0, "delivery_charge": 0.0, "estimated_delivery_date": null, "tracking_number": null, "carrier": null, "refund_status": "Not Requested", "refund_reason": null, "refunded_at": null}}, {"model": "orders.order", "pk": 12, "fields": {"user": 29, "order_number": "2025031112", "first_name": "john", "last_name": "doe", "phone": "75939 44616", "email": "johndoe@gmail.com", "address_line_1": "dxfghjkl", "address_line_2": "cfvgbhnjkm,l", "city": "Kozhikode", "state": "KL", "country": "IN", "pincode": "673525", "order_note": "", "order_total": 26250.0, "tax": 1250.0, "status": "New", "ip": "127.0.0.1", "is_ordered": false, "payment_method": "COD", "created_at": "2025-03-10T19:04:26.672Z", "updated_at": "2025-03-10T19:04:26.676Z", "coupon": null, "discount_amount": 0.0, "product_discount": 0.0, "delivery_charge": 0.0, "estimated_delivery_date": null, "tracking_number": null, "carrier": null, "refund_status": "Not Requested", "refund_reason": null, "refunded_at": null}}, {"model": "orders.order", "pk": 13, "fields": {"user": 29, "order_number": "2025031113", "first_name": "john", "last_name": "doe", "phone": "75939 44616", "email": "johndoe@gmail.com", "address_line_1": "dxfghjkl", "address_line_2": "cfvgbhnjkm,l", "city": "Kozhikode", "state": "KL", "country": "IN", "pincode": "673525", "order_note": "", "order_total": 26250.0, "tax": 1250.0, "status": "New", "ip": "127.0.0.1", "is_ordered": false, "payment_method": "COD", "created_at": "2025-03-10T19:06:26.724Z", "updated_at": "2025-03-10T19:06:26.730Z", "coupon": null, "discount_amount": 0.0, "product_discount": 0.0, "delivery_charge": 0.0, "estimated_delivery_date": null, "tracking_number": null, "carrier": null, "refund_status": "Not Requested", "refund_reason": null, "refunded_at": null}}, {"model": "orders.order", "pk": 14, "fields": {"user": 29, "order_number": "2025031114", "first_name": "john", "last_name": "doe", "phone": "75939 44616", "email": "johndoe@gmail.com", "address_line_1": "dxfghjkl", "address_line_2": "cfvgbhnjkm,l", "city": "Kozhikode", "state": "KL", "country": "IN", "pincode": "673525", "order_note": "", "order_total": 26250.0, "tax": 1250.0, "status": "New", "ip": "127.0.0.1", "is_ordered": false, "payment_method": "COD", "created_at": "2025-03-10T19:09:51.468Z", "updated_at": "2025-03-10T19:09:51.475Z", "coupon": null, "discount_amount": 0.0, "product_discount": 0.0, "delivery_charge": 0.0, "estimated_delivery_date": null, "tracking_number": null, "carrier": null, "refund_status": "Not Requested", "refund_reason": null, "refunded_at": null}}, {"model": "orders.order", "pk": 15, "fields": {"user": 29, "order_number": "2025031115", "first_name": "zaim", "last_name": "aibak", "phone": "75939 44616", "email": "shafnavk70@gmail.com", "address_line_1": "xdfghjkl", "address_line_2": "xdfcgvhbjnk", "city": "Kozhikode", "state": "KL", "country": "IN", "pincode": "673525", "order_note": "", "order_total": 26250.0, "tax": 1250.0, "status": "New", "ip": "127.0.0.1", "is_ordered": true, "payment_method": "COD", "created_at": "2025-03-10T19:10:48.577Z", "updated_at": "2025-03-12T18:44:46.528Z", "coupon": null, "discount_amount": 0.0, "product_discount": 0.0, "delivery_charge": 0.0, "estimated_delivery_date": null, "tracking_number": null, "carrier": null, "refund_status": "Not Requested", "refund_reason": null, "refunded_at": null}}, {"model": "orders.order", "pk": 16, "fields": {"user": 29, "order_number": "2025031116", "first_name": "zaim", "last_name": "aibak", "phone": "75939 44616", "email": "shafnavk70@gmail.com", "address_line_1": "xdfghjkl", "address_line_2": "xdfcgvhbjnk", "city": "Kozhikode", "state": "KL", "country": "IN", "pincode": "673525", "order_note": "", "order_total": 26250.0, "tax": 1250.0, "status": "Cancelled", "ip": "127.0.0.1", "is_ordered": true, "payment_method": "COD", "created_at": "2025-03-10T19:16:13.969Z", "updated_at": "2025-03-11T19:54:53.692Z", "coupon": null, "discount_amount": 0.0, "product_discount": 0.0, "delivery_charge": 0.0, "estimated_delivery_date": null, "tracking_number": null, "carrier": null, "refund_status": "Not Requested", "refund_reason": null, "refunded_at": null}}, {"model": "orders.order", "pk": 17, "fields": {"user": 1, "order_number": "2025031217", "first_name": "john", "last_name": "doe", "phone": "75939 44616", "email": "rafimrm@gmail.com", "address_line_1": "sadfghj", "address_line_2": "dfghjk", "city": "Kozhikode", "state": "KL", "country": "IN", "pincode": "673525", "order_note": "", "order_total": 15300.0, "tax": 300.0, "status": "Cancelled", "ip": "127.0.0.1", "is_ordered": true, "payment_method": "COD", "created_at": "2025-03-11T19:05:25.233Z", "updated_at": "2025-03-11T19:40:02.389Z", "coupon": null, "discount_amount": 0.0, "product_discount": 0.0, "delivery_charge": 0.0, "estimated_delivery_date": null, "tracking_number": null, "carrier": null, "refund_status": "Not Requested", "refund_reason": null, "refunded_at": null}}, {"model": "orders.order", "pk": 18, "fields": {"user": 29, "order_number": "2025031218", "first_name": "rafi", "last_name": "mrm", "phone": "75939 44616", "email": "rafimrm@gmail.com", "address_line_1": "ghjvgbnjk", "address_line_2": "swedrftgyhuji", "city": "Kozhikode", "state": "KL", "country": "IN", "pincode": "673525", "order_note": "", "order_total": 2142.0, "tax": 42.0, "status": "New", "ip": "127.0.0.1", "is_ordered": true, "payment_method": "COD", "created_at": "2025-03-11T21:59:27.939Z", "updated_at": "2025-03-11T21:59:30.059Z", "coupon": null, "discount_amount": 0.0, "product_discount": 0.0, "delivery_charge": 0.0, "estimated_delivery_date": null, "tracking_number": null, "carrier": null, "refund_status": "Not Requested", "refund_reason": null, "refunded_at": null}}, {"model": "orders.order", "pk": 19, "fields": {"user": 29, "order_number": "2025031319", "first_name": "rafi", "last_name": "mrm", "phone": "75939 44616", "email": "rafimrm@gmail.com", "address_line_1": "ghjvgbnjk", "address_line_2": "fdcgvhjbknlm", "city": "Kochi", "state": "KL", "country": "IN", "pincode": "673525", "order_note": "", "order_total": 11220.0, "tax": 220.0, "status": "Cancelled", "ip": "127.0.0.1", "is_ordered": true, "payment_method": "COD", "created_at": "2025-03-12T18:44:23.878Z", "updated_at": "2025-03-22T02:14:33.594Z", "coupon": null, "discount_amount": 0.0, "product_discount": 0.0, "delivery_charge": 0.0, "estimated_delivery_date": null, "tracking_number": null, "carrier": null, "refund_status": "Not Requested", "refund_reason": null, "refunded_at": null}}, {"model": "orders.order", "pk": 20, "fields": {"user": 38, "order_number": "2025031320", "first_name": "rafi", "last_name": "mrm", "phone": "75939 44616", "email": "rafimrm@gmail.com", "address_line_1": "dfghjk", "address_line_2": "cvbnm,", "city": "Kozhikode", "state": "KL", "country": "IN", "pincode": "673525", "order_note": "", "order_total": 1020.0, "tax": 20.0, "status": "Cancelled", "ip": "127.0.0.1", "is_ordered": true, "payment_method": "COD", "created_at": "2025-03-12T18:49:59.387Z", "updated_at": "2025-03-12T18:52:43.220Z", "coupon": null, "discount_amount": 0.0, "product_discount": 0.0, "delivery_charge": 0.0, "estimated_delivery_date": null, "tracking_number": null, "carrier": null, "refund_status": "Not Requested", "refund_reason": null, "refunded_at": null}}, {"model": "orders.order", "pk": 21, "fields": {"user": 38, "order_number": "2025031321", "first_name": "rafi", "last_name": "mrm", "phone": "75939 44616", "email": "rafimrm@gmail.com", "address_line_1": "ghjvgbnjk", "address_line_2": "swedrftgyhuji", "city": "Pune", "state": "MH", "country": "IN", "pincode": "673535", "order_note": "", "order_total": 15300.0, "tax": 300.0, "status": "Processing", "ip": "127.0.0.1", "is_ordered": true, "payment_method": "COD", "created_at": "2025-03-12T19:00:14.942Z", "updated_at": "2025-03-22T02:01:56.786Z", "coupon": null, "discount_amount": 0.0, "product_discount": 0.0, "delivery_charge": 0.0, "estimated_delivery_date": null, "tracking_number": null, "carrier": null, "refund_status": "Not Requested", "refund_reason": null, "refunded_at": null}}, {"model": "orders.order", "pk": 22, "fields": {"user": 38, "order_number": "2025031322", "first_name": "rafi", "last_name": "mrm", "phone": "75939 44616", "email": "rafimrm@gmail.com", "address_line_1": "ghjvgbnjk", "address_line_2": "", "city": "Bangalore", "state": "KA", "country": "IN", "pincode": "673535", "order_note": "", "order_total": 15300.0, "tax": 300.0, "status": "Cancelled", "ip": "127.0.0.1", "is_ordered": true, "payment_method": "COD", "created_at": "2025-03-12T19:01:39.645Z", "updated_at": "2025-03-16T20:19:44.378Z", "coupon": null, "discount_amount": 0.0, "product_discount": 0.0, "delivery_charge": 0.0, "estimated_delivery_date": null, "tracking_number": null, "carrier": null, "refund_status": "Not Requested", "refund_reason": null, "refunded_at": null}}, {"model": "orders.order", "pk": 23, "fields": {"user": 38, "order_number": "2025031323", "first_name": "rafi", "last_name": "mrm", "phone": "75939 44616", "email": "shafnavk70@gmail.com", "address_line_1": "eswdrftgyhuj", "address_line_2": "cfvgbhnjkm,l", "city": "Kozhikode", "state": "KL", "country": "IN", "pincode": "673525", "order_note": "", "order_total": 51000.0, "tax": 1000.0, "status": "New", "ip": "127.0.0.1", "is_ordered": true, "payment_method": "COD", "created_at": "2025-03-12T22:00:18.978Z", "updated_at": "2025-03-12T22:00:20.608Z", "coupon": null, "discount_amount": 0.0, "product_discount": 0.0, "delivery_charge": 0.0, "estimated_delivery_date": null, "tracking_number": null, "carrier": null, "refund_status": "Not Requested", "refund_reason": null, "refunded_at": null}}, {"model": "orders.order", "pk": 24, "fields": {"user": 38, "order_number": "2025031324", "first_name": "shafna", "last_name": "", "phone": "75939 44616", "email": "rafimrm@gmail.com", "address_line_1": "ghjvgbnjk", "address_line_2": "xdcfgvhbjnk", "city": "Kozhikode", "state": "kerala", "country": "", "pincode": "673535", "order_note": "", "order_total": 51000.0, "tax": 1000.0, "status": "New", "ip": "127.0.0.1", "is_ordered": false, "payment_method": "COD", "created_at": "2025-03-12T22:23:47.875Z", "updated_at": "2025-03-12T22:23:47.880Z", "coupon": null, "discount_amount": 0.0, "product_discount": 0.0, "delivery_charge": 0.0, "estimated_delivery_date": null, "tracking_number": null, "carrier": null, "refund_status": "Not Requested", "refund_reason": null, "refunded_at": null}}, {"model": "orders.order", "pk": 25, "fields": {"user": 38, "order_number": "", "first_name": "rafi", "last_name": "mrm", "phone": "75939 44616", "email": "rafimrm@gmail.com", "address_line_1": "ghjvgbnjk", "address_line_2": "xdfcghjk", "city": "Kozhikode", "state": "KL", "country": "IN", "pincode": "673525", "order_note": "", "order_total": 51000.0, "tax": 1000.0, "status": "New", "ip": "127.0.0.1", "is_ordered": false, "payment_method": "COD", "created_at": "2025-03-12T22:25:45.022Z", "updated_at": "2025-03-12T22:25:45.022Z", "coupon": null, "discount_amount": 0.0, "product_discount": 0.0, "delivery_charge": 0.0, "estimated_delivery_date": null, "tracking_number": null, "carrier": null, "refund_status": "Not Requested", "refund_reason": null, "refunded_at": null}}, {"model": "orders.order", "pk": 26, "fields": {"user": 38, "order_number": "2025031326", "first_name": "shafna", "last_name": "", "phone": "75939 44616", "email": "rafimrm@gmail.com", "address_line_1": "ghjvgbnjk", "address_line_2": "xdcfgvhbjnk", "city": "Kozhikode", "state": "kerala", "country": "", "pincode": "673535", "order_note": "", "order_total": 1530.0, "tax": 30.0, "status": "Completed", "ip": "127.0.0.1", "is_ordered": false, "payment_method": "COD", "created_at": "2025-03-12T22:32:05.209Z", "updated_at": "2025-03-16T20:19:15.682Z", "coupon": null, "discount_amount": 0.0, "product_discount": 0.0, "delivery_charge": 0.0, "estimated_delivery_date": null, "tracking_number": null, "carrier": null, "refund_status": "Not Requested", "refund_reason": null, "refunded_at": null}}, {"model": "orders.order", "pk": 27, "fields": {"user": 38, "order_number": "2025031327", "first_name": "shafna", "last_name": "", "phone": "75939 44616", "email": "rafimrm@gmail.com", "address_line_1": "ghjvgbnjk", "address_line_2": "xdcfgvhbjnk", "city": "Kozhikode", "state": "kerala", "country": "", "pincode": "673535", "order_note": "", "order_total": 51000.0, "tax": 1000.0, "status": "New", "ip": "127.0.0.1", "is_ordered": true, "payment_method": "COD", "created_at": "2025-03-12T22:33:42.901Z", "updated_at": "2025-03-12T22:33:50.890Z", "coupon": null, "discount_amount": 0.0, "product_discount": 0.0, "delivery_charge": 0.0, "estimated_delivery_date": null, "tracking_number": null, "carrier": null, "refund_status": "Not Requested", "refund_reason": null, "refunded_at": null}}, {"model": "orders.order", "pk": 28, "fields": {"user": 38, "order_number": "2025031328", "first_name": "rafi", "last_name": "mrm", "phone": "75939 44616", "email": "user123@gmail.com", "address_line_1": "szdxfcghvjk", "address_line_2": "swedrftgyhuji", "city": "Mumbai", "state": "MH", "country": "IN", "pincode": "673525", "order_note": "", "order_total": 30600.0, "tax": 600.0, "status": "New", "ip": "127.0.0.1", "is_ordered": false, "payment_method": "COD", "created_at": "2025-03-12T22:35:48.034Z", "updated_at": "2025-03-12T22:35:48.039Z", "coupon": null, "discount_amount": 0.0, "product_discount": 0.0, "delivery_charge": 0.0, "estimated_delivery_date": null, "tracking_number": null, "carrier": null, "refund_status": "Not Requested", "refund_reason": null, "refunded_at": null}}, {"model": "orders.order", "pk": 29, "fields": {"user": 29, "order_number": "2025031529", "first_name": "shafna", "last_name": "v k", "phone": "75939 44616", "email": "shafnavk70@gmail.com", "address_line_1": "ghjvgbnjk", "address_line_2": "swedrftgyhuji", "city": "Kozhikode", "state": "kerala", "country": "", "pincode": "673525", "order_note": "", "order_total": 2142.0, "tax": 42.0, "status": "Shipped", "ip": "127.0.0.1", "is_ordered": true, "payment_method": "COD", "created_at": "2025-03-14T23:28:39.909Z", "updated_at": "2025-03-20T19:38:17.099Z", "coupon": null, "discount_amount": 0.0, "product_discount": 0.0, "delivery_charge": 0.0, "estimated_delivery_date": null, "tracking_number": null, "carrier": null, "refund_status": "Not Requested", "refund_reason": null, "refunded_at": null}}, {"model": "orders.order", "pk": 30, "fields": {"user": 1, "order_number": "2025031730", "first_name": "rafi", "last_name": "mrm", "phone": "75939 44616", "email": "shafnavk70@gmail.com", "address_line_1": "ghjvgbnjk", "address_line_2": "swedrftgyhuji", "city": "Mumbai", "state": "MH", "country": "IN", "pincode": "673525", "order_note": "", "order_total": 15300.0, "tax": 300.0, "status": "New", "ip": "127.0.0.1", "is_ordered": false, "payment_method": "COD", "created_at": "2025-03-16T20:28:10.957Z", "updated_at": "2025-03-16T20:28:10.970Z", "coupon": null, "discount_amount": 0.0, "product_discount": 0.0, "delivery_charge": 0.0, "estimated_delivery_date": null, "tracking_number": null, "carrier": null, "refund_status": "Not Requested", "refund_reason": null, "refunded_at": null}}, {"model": "orders.order", "pk": 31, "fields": {"user": 1, "order_number": "2025031731", "first_name": "shaf", "last_name": "vk", "phone": "75939 44616", "email": "shafnavk70@gmail.com", "address_line_1": "ghjvgbnjk", "address_line_2": "swedrftgyhuji", "city": "Mumbai", "state": "MH", "country": "IN", "pincode": "673525", "order_note": "", "order_total": 51000.0, "tax": 1000.0, "status": "New", "ip": "127.0.0.1", "is_ordered": true, "payment_method": "COD", "created_at": "2025-03-16T20:35:04.275Z", "updated_at": "2025-03-16T20:35:07.261Z", "coupon": null, "discount_amount": 0.0, "product_discount": 0.0, "delivery_charge": 0.0, "estimated_delivery_date": null, "tracking_number": null, "carrier": null, "refund_status": "Not Requested", "refund_reason": null, "refunded_at": null}}, {"model": "orders.order", "pk": 32, "fields": {"user": 1, "order_number": "2025031732", "first_name": "shafna", "last_name": "v k", "phone": "75939 44616", "email": "user123@gmail.com", "address_line_1": "ghjvgbnjk", "address_line_2": "swedrftgyhuji", "city": "Kozhikode", "state": "kerala", "country": "IN", "pincode": "673525", "order_note": "", "order_total": 25500.0, "tax": 500.0, "status": "New", "ip": "127.0.0.1", "is_ordered": false, "payment_method": "COD", "created_at": "2025-03-16T20:41:28.330Z", "updated_at": "2025-03-16T20:41:28.334Z", "coupon": null, "discount_amount": 0.0, "product_discount": 0.0, "delivery_charge": 0.0, "estimated_delivery_date": null, "tracking_number": null, "carrier": null, "refund_status": "Not Requested", "refund_reason": null, "refunded_at": null}}, {"model": "orders.order", "pk": 33, "fields": {"user": 1, "order_number": "2025031733", "first_name": "shafna", "last_name": "v k", "phone": "75939 44616", "email": "user123@gmail.com", "address_line_1": "ghjvgbnjk", "address_line_2": "swedrftgyhuji", "city": "Kozhikode", "state": "kerala", "country": "IN", "pincode": "673525", "order_note": "", "order_total": 25500.0, "tax": 500.0, "status": "New", "ip": "127.0.0.1", "is_ordered": true, "payment_method": "COD", "created_at": "2025-03-16T20:41:38.624Z", "updated_at": "2025-03-16T20:41:40.209Z", "coupon": null, "discount_amount": 0.0, "product_discount": 0.0, "delivery_charge": 0.0, "estimated_delivery_date": null, "tracking_number": null, "carrier": null, "refund_status": "Not Requested", "refund_reason": null, "refunded_at": null}}, {"model": "orders.order", "pk": 34, "fields": {"user": 29, "order_number": "2025031734", "first_name": "shafna", "last_name": "v k", "phone": "75939 44616", "email": "shafnavk70@gmail.com", "address_line_1": "ghjvgbnjk", "address_line_2": "swedrftgyhuji", "city": "Kozhikode", "state": "kerala", "country": "IN", "pincode": "673525", "order_note": "", "order_total": 7752.0, "tax": 152.0, "status": "Delivered", "ip": "127.0.0.1", "is_ordered": false, "payment_method": "COD", "created_at": "2025-03-16T23:39:11.437Z", "updated_at": "2025-03-16T23:52:13.476Z", "coupon": null, "discount_amount": 0.0, "product_discount": 0.0, "delivery_charge": 0.0, "estimated_delivery_date": null, "tracking_number": null, "carrier": null, "refund_status": "Not Requested", "refund_reason": null, "refunded_at": null}}, {"model": "orders.order", "pk": 35, "fields": {"user": 29, "order_number": "2025031735", "first_name": "shafna", "last_name": "v k", "phone": "75939 44616", "email": "shafnavk70@gmail.com", "address_line_1": "ghjvgbnjk", "address_line_2": "swedrftgyhuji", "city": "Kozhikode", "state": "kerala", "country": "IN", "pincode": "673525", "order_note": "", "order_total": 7752.0, "tax": 152.0, "status": "Processing", "ip": "127.0.0.1", "is_ordered": false, "payment_method": "COD", "created_at": "2025-03-16T23:39:16.054Z", "updated_at": "2025-03-22T02:03:24.009Z", "coupon": null, "discount_amount": 0.0, "product_discount": 0.0, "delivery_charge": 0.0, "estimated_delivery_date": null, "tracking_number": null, "carrier": null, "refund_status": "Not Requested", "refund_reason": null, "refunded_at": null}}, {"model": "orders.order", "pk": 36, "fields": {"user": 29, "order_number": "2025031736", "first_name": "shafna", "last_name": "v k", "phone": "75939 44616", "email": "shafnavk70@gmail.com", "address_line_1": "ghjvgbnjk", "address_line_2": "swedrftgyhuji", "city": "Kozhikode", "state": "kerala", "country": "IN", "pincode": "673525", "order_note": "", "order_total": 7752.0, "tax": 152.0, "status": "Shipped", "ip": "127.0.0.1", "is_ordered": true, "payment_method": "COD", "created_at": "2025-03-16T23:39:41.718Z", "updated_at": "2025-03-22T02:03:34.975Z", "coupon": null, "discount_amount": 0.0, "product_discount": 0.0, "delivery_charge": 0.0, "estimated_delivery_date": null, "tracking_number": null, "carrier": null, "refund_status": "Not Requested", "refund_reason": null, "refunded_at": null}}, {"model": "orders.order", "pk": 37, "fields": {"user": 1, "order_number": "2025031737", "first_name": "shafna", "last_name": "v k", "phone": "75939 44616", "email": "user123@gmail.com", "address_line_1": "ghjvgbnjk", "address_line_2": "swedrftgyhuji", "city": "Kozhikode", "state": "kerala", "country": "IN", "pincode": "673525", "order_note": "", "order_total": 2040.0, "tax": 40.0, "status": "Cancelled", "ip": "127.0.0.1", "is_ordered": true, "payment_method": "COD", "created_at": "2025-03-17T00:42:19.079Z", "updated_at": "2025-03-28T10:11:53.621Z", "coupon": null, "discount_amount": 0.0, "product_discount": 0.0, "delivery_charge": 0.0, "estimated_delivery_date": null, "tracking_number": null, "carrier": null, "refund_status": "Not Requested", "refund_reason": null, "refunded_at": null}}, {"model": "orders.order", "pk": 38, "fields": {"user": 1, "order_number": "2025032038", "first_name": "rafi", "last_name": "mrm", "phone": "75939 44616", "email": "shafnavk70@gmail.com", "address_line_1": "eswdrftgyhuj", "address_line_2": "swedrftgyhuji", "city": "Mumbai", "state": "MH", "country": "IN", "pincode": "673525", "order_note": "", "order_total": 33660.0, "tax": 660.0, "status": "New", "ip": "127.0.0.1", "is_ordered": false, "payment_method": "COD", "created_at": "2025-03-19T18:32:02.341Z", "updated_at": "2025-03-19T18:32:02.350Z", "coupon": null, "discount_amount": 0.0, "product_discount": 0.0, "delivery_charge": 0.0, "estimated_delivery_date": null, "tracking_number": null, "carrier": null, "refund_status": "Not Requested", "refund_reason": null, "refunded_at": null}}, {"model": "orders.order", "pk": 39, "fields": {"user": 1, "order_number": "2025032039", "first_name": "shafna", "last_name": "v k", "phone": "75939 44616", "email": "user123@gmail.com", "address_line_1": "ghjvgbnjk", "address_line_2": "swedrftgyhuji", "city": "Kozhikode", "state": "kerala", "country": "IN", "pincode": "673525", "order_note": "", "order_total": 33460.0, "tax": 660.0, "status": "New", "ip": "127.0.0.1", "is_ordered": false, "payment_method": "COD", "created_at": "2025-03-19T18:33:33.697Z", "updated_at": "2025-03-19T18:33:33.701Z", "coupon": null, "discount_amount": 200.0, "product_discount": 0.0, "delivery_charge": 0.0, "estimated_delivery_date": null, "tracking_number": null, "carrier": null, "refund_status": "Not Requested", "refund_reason": null, "refunded_at": null}}, {"model": "orders.order", "pk": 40, "fields": {"user": 1, "order_number": "2025032040", "first_name": "shafna", "last_name": "v k", "phone": "75939 44616", "email": "user123@gmail.com", "address_line_1": "ghjvgbnjk", "address_line_2": "swedrftgyhuji", "city": "Kozhikode", "state": "kerala", "country": "IN", "pincode": "673525", "order_note": "", "order_total": 33660.0, "tax": 660.0, "status": "New", "ip": "127.0.0.1", "is_ordered": false, "payment_method": "COD", "created_at": "2025-03-19T18:39:57.524Z", "updated_at": "2025-03-19T18:39:57.531Z", "coupon": null, "discount_amount": 0.0, "product_discount": 0.0, "delivery_charge": 0.0, "estimated_delivery_date": null, "tracking_number": null, "carrier": null, "refund_status": "Not Requested", "refund_reason": null, "refunded_at": null}}, {"model": "orders.order", "pk": 41, "fields": {"user": 1, "order_number": "2025032041", "first_name": "shafna", "last_name": "v k", "phone": "75939 44616", "email": "user123@gmail.com", "address_line_1": "ghjvgbnjk", "address_line_2": "swedrftgyhuji", "city": "Kozhikode", "state": "kerala", "country": "IN", "pincode": "673525", "order_note": "", "order_total": 33660.0, "tax": 660.0, "status": "New", "ip": "127.0.0.1", "is_ordered": false, "payment_method": "COD", "created_at": "2025-03-19T18:45:36.763Z", "updated_at": "2025-03-19T18:45:36.768Z", "coupon": null, "discount_amount": 0.0, "product_discount": 0.0, "delivery_charge": 0.0, "estimated_delivery_date": null, "tracking_number": null, "carrier": null, "refund_status": "Not Requested", "refund_reason": null, "refunded_at": null}}, {"model": "orders.order", "pk": 42, "fields": {"user": 1, "order_number": "2025032042", "first_name": "shafna", "last_name": "v k", "phone": "75939 44616", "email": "user123@gmail.com", "address_line_1": "ghjvgbnjk", "address_line_2": "swedrftgyhuji", "city": "Kozhikode", "state": "kerala", "country": "IN", "pincode": "673525", "order_note": "", "order_total": 33659.0, "tax": 660.0, "status": "Refunded", "ip": "127.0.0.1", "is_ordered": true, "payment_method": "COD", "created_at": "2025-03-20T18:11:51.973Z", "updated_at": "2025-04-01T00:15:18.195Z", "coupon": null, "discount_amount": 1.0, "product_discount": 0.0, "delivery_charge": 0.0, "estimated_delivery_date": null, "tracking_number": null, "carrier": null, "refund_status": "Completed", "refund_reason": "wrong order", "refunded_at": "2025-04-01T00:15:18.194Z"}}, {"model": "orders.order", "pk": 43, "fields": {"user": 1, "order_number": "2025032243", "first_name": "shafna", "last_name": "v k", "phone": "75939 44616", "email": "user123@gmail.com", "address_line_1": "ghjvgbnjk", "address_line_2": "swedrftgyhuji", "city": "Kozhikode", "state": "kerala", "country": "IN", "pincode": "673525", "order_note": "", "order_total": 25500.0, "tax": 500.0, "status": "New", "ip": "127.0.0.1", "is_ordered": true, "payment_method": "COD", "created_at": "2025-03-22T09:27:22.934Z", "updated_at": "2025-03-22T09:27:30.277Z", "coupon": null, "discount_amount": 0.0, "product_discount": 0.0, "delivery_charge": 0.0, "estimated_delivery_date": null, "tracking_number": null, "carrier": null, "refund_status": "Not Requested", "refund_reason": null, "refunded_at": null}}, {"model": "orders.order", "pk": 44, "fields": {"user": 1, "order_number": "2025032244", "first_name": "shafna", "last_name": "v k", "phone": "75939 44616", "email": "user123@gmail.com", "address_line_1": "ghjvgbnjk", "address_line_2": "swedrftgyhuji", "city": "Kozhikode", "state": "kerala", "country": "IN", "pincode": "673525", "order_note": "", "order_total": 2960.0, "tax": 60.0, "status": "New", "ip": "127.0.0.1", "is_ordered": false, "payment_method": "COD", "created_at": "2025-03-22T09:44:22.092Z", "updated_at": "2025-03-22T09:44:22.100Z", "coupon": null, "discount_amount": 100.0, "product_discount": 0.0, "delivery_charge": 0.0, "estimated_delivery_date": null, "tracking_number": null, "carrier": null, "refund_status": "Not Requested", "refund_reason": null, "refunded_at": null}}, {"model": "orders.order", "pk": 45, "fields": {"user": 1, "order_number": "2025032245", "first_name": "shafna", "last_name": "v k", "phone": "75939 44616", "email": "user123@gmail.com", "address_line_1": "ghjvgbnjk", "address_line_2": "swedrftgyhuji", "city": "Kozhikode", "state": "kerala", "country": "IN", "pincode": "673525", "order_note": "", "order_total": 3060.0, "tax": 60.0, "status": "New", "ip": "127.0.0.1", "is_ordered": true, "payment_method": "COD", "created_at": "2025-03-22T09:47:22.996Z", "updated_at": "2025-03-22T09:48:08.885Z", "coupon": null, "discount_amount": 0.0, "product_discount": 0.0, "delivery_charge": 0.0, "estimated_delivery_date": null, "tracking_number": null, "carrier": null, "refund_status": "Not Requested", "refund_reason": null, "refunded_at": null}}, {"model": "orders.order", "pk": 46, "fields": {"user": 1, "order_number": "2025032246", "first_name": "shafna", "last_name": "v k", "phone": "75939 44616", "email": "user123@gmail.com", "address_line_1": "ghjvgbnjk", "address_line_2": "swedrftgyhuji", "city": "Kozhikode", "state": "kerala", "country": "IN", "pincode": "673525", "order_note": "", "order_total": 15200.0, "tax": 300.0, "status": "New", "ip": "127.0.0.1", "is_ordered": false, "payment_method": "COD", "created_at": "2025-03-22T09:48:57.451Z", "updated_at": "2025-03-22T09:48:57.455Z", "coupon": null, "discount_amount": 100.0, "product_discount": 0.0, "delivery_charge": 0.0, "estimated_delivery_date": null, "tracking_number": null, "carrier": null, "refund_status": "Not Requested", "refund_reason": null, "refunded_at": null}}, {"model": "orders.order", "pk": 47, "fields": {"user": 38, "order_number": "2025032247", "first_name": "shafna", "last_name": "", "phone": "75939 44616", "email": "rafimrm@gmail.com", "address_line_1": "ghjvgbnjk", "address_line_2": "xdcfgvhbjnk", "city": "Kozhikode", "state": "kerala", "country": "IN", "pincode": "673535", "order_note": "", "order_total": 1157.66, "tax": 24.66, "status": "New", "ip": "127.0.0.1", "is_ordered": false, "payment_method": "COD", "created_at": "2025-03-22T09:50:18.954Z", "updated_at": "2025-03-22T09:50:18.959Z", "coupon": null, "discount_amount": 100.0, "product_discount": 0.0, "delivery_charge": 0.0, "estimated_delivery_date": null, "tracking_number": null, "carrier": null, "refund_status": "Not Requested", "refund_reason": null, "refunded_at": null}}, {"model": "orders.order", "pk": 48, "fields": {"user": 38, "order_number": "2025032248", "first_name": "shafna", "last_name": "", "phone": "75939 44616", "email": "rafimrm@gmail.com", "address_line_1": "ghjvgbnjk", "address_line_2": "xdcfgvhbjnk", "city": "Kozhikode", "state": "kerala", "country": "IN", "pincode": "673535", "order_note": "", "order_total": 1257.66, "tax": 24.66, "status": "New", "ip": "127.0.0.1", "is_ordered": false, "payment_method": "COD", "created_at": "2025-03-22T09:53:39.261Z", "updated_at": "2025-03-22T09:53:39.268Z", "coupon": null, "discount_amount": 0.0, "product_discount": 0.0, "delivery_charge": 0.0, "estimated_delivery_date": null, "tracking_number": null, "carrier": null, "refund_status": "Not Requested", "refund_reason": null, "refunded_at": null}}, {"model": "orders.order", "pk": 49, "fields": {"user": 38, "order_number": "2025032249", "first_name": "shafna", "last_name": "", "phone": "75939 44616", "email": "rafimrm@gmail.com", "address_line_1": "ghjvgbnjk", "address_line_2": "xdcfgvhbjnk", "city": "Kozhikode", "state": "kerala", "country": "IN", "pincode": "673535", "order_note": "", "order_total": 1157.66, "tax": 24.66, "status": "New", "ip": "127.0.0.1", "is_ordered": false, "payment_method": "COD", "created_at": "2025-03-22T09:54:46.795Z", "updated_at": "2025-03-22T09:54:46.799Z", "coupon": null, "discount_amount": 100.0, "product_discount": 0.0, "delivery_charge": 0.0, "estimated_delivery_date": null, "tracking_number": null, "carrier": null, "refund_status": "Not Requested", "refund_reason": null, "refunded_at": null}}, {"model": "orders.order", "pk": 50, "fields": {"user": 29, "order_number": "2025032350", "first_name": "shafna", "last_name": "v k", "phone": "75939 44616", "email": "shafnavk70@gmail.com", "address_line_1": "ghjvgbnjk", "address_line_2": "swedrftgyhuji", "city": "Kozhikode", "state": "kerala", "country": "IN", "pincode": "673525", "order_note": "", "order_total": 15300.0, "tax": 300.0, "status": "New", "ip": "127.0.0.1", "is_ordered": false, "payment_method": "COD", "created_at": "2025-03-22T18:57:11.341Z", "updated_at": "2025-03-22T18:57:11.346Z", "coupon": null, "discount_amount": 0.0, "product_discount": 0.0, "delivery_charge": 0.0, "estimated_delivery_date": null, "tracking_number": null, "carrier": null, "refund_status": "Not Requested", "refund_reason": null, "refunded_at": null}}, {"model": "orders.order", "pk": 51, "fields": {"user": 29, "order_number": "2025032351", "first_name": "shafna", "last_name": "v k", "phone": "75939 44616", "email": "shafnavk70@gmail.com", "address_line_1": "ghjvgbnjk", "address_line_2": "swedrftgyhuji", "city": "Kozhikode", "state": "kerala", "country": "IN", "pincode": "673525", "order_note": "", "order_total": 15300.0, "tax": 300.0, "status": "New", "ip": "127.0.0.1", "is_ordered": false, "payment_method": "COD", "created_at": "2025-03-22T19:03:28.029Z", "updated_at": "2025-03-22T19:03:28.040Z", "coupon": null, "discount_amount": 0.0, "product_discount": 0.0, "delivery_charge": 0.0, "estimated_delivery_date": null, "tracking_number": null, "carrier": null, "refund_status": "Not Requested", "refund_reason": null, "refunded_at": null}}, {"model": "orders.order", "pk": 52, "fields": {"user": 29, "order_number": "2025032352", "first_name": "shafna", "last_name": "v k", "phone": "75939 44616", "email": "shafnavk70@gmail.com", "address_line_1": "ghjvgbnjk", "address_line_2": "swedrftgyhuji", "city": "Kozhikode", "state": "kerala", "country": "IN", "pincode": "673525", "order_note": "", "order_total": 15300.0, "tax": 300.0, "status": "New", "ip": "127.0.0.1", "is_ordered": false, "payment_method": "COD", "created_at": "2025-03-22T19:07:35.430Z", "updated_at": "2025-03-22T19:07:35.438Z", "coupon": null, "discount_amount": 0.0, "product_discount": 0.0, "delivery_charge": 0.0, "estimated_delivery_date": null, "tracking_number": null, "carrier": null, "refund_status": "Not Requested", "refund_reason": null, "refunded_at": null}}, {"model": "orders.order", "pk": 53, "fields": {"user": 29, "order_number": "2025032353", "first_name": "shafna", "last_name": "v k", "phone": "75939 44616", "email": "shafnavk70@gmail.com", "address_line_1": "ghjvgbnjk", "address_line_2": "swedrftgyhuji", "city": "Kozhikode", "state": "kerala", "country": "IN", "pincode": "673525", "order_note": "", "order_total": 15300.0, "tax": 300.0, "status": "New", "ip": "127.0.0.1", "is_ordered": false, "payment_method": "COD", "created_at": "2025-03-22T19:11:21.821Z", "updated_at": "2025-03-22T19:11:21.830Z", "coupon": null, "discount_amount": 0.0, "product_discount": 0.0, "delivery_charge": 0.0, "estimated_delivery_date": null, "tracking_number": null, "carrier": null, "refund_status": "Not Requested", "refund_reason": null, "refunded_at": null}}, {"model": "orders.order", "pk": 54, "fields": {"user": 29, "order_number": "2025032354", "first_name": "shafna", "last_name": "v k", "phone": "75939 44616", "email": "shafnavk70@gmail.com", "address_line_1": "ghjvgbnjk", "address_line_2": "swedrftgyhuji", "city": "Kozhikode", "state": "kerala", "country": "IN", "pincode": "673525", "order_note": "", "order_total": 15300.0, "tax": 300.0, "status": "New", "ip": "127.0.0.1", "is_ordered": false, "payment_method": "COD", "created_at": "2025-03-22T19:13:31.547Z", "updated_at": "2025-03-22T19:13:31.558Z", "coupon": null, "discount_amount": 0.0, "product_discount": 0.0, "delivery_charge": 0.0, "estimated_delivery_date": null, "tracking_number": null, "carrier": null, "refund_status": "Not Requested", "refund_reason": null, "refunded_at": null}}, {"model": "orders.order", "pk": 55, "fields": {"user": 29, "order_number": "2025032355", "first_name": "shafna", "last_name": "v k", "phone": "75939 44616", "email": "shafnavk70@gmail.com", "address_line_1": "ghjvgbnjk", "address_line_2": "swedrftgyhuji", "city": "Kozhikode", "state": "kerala", "country": "IN", "pincode": "673525", "order_note": "", "order_total": 15300.0, "tax": 300.0, "status": "New", "ip": "127.0.0.1", "is_ordered": false, "payment_method": "COD", "created_at": "2025-03-22T19:26:03.851Z", "updated_at": "2025-03-22T19:26:03.859Z", "coupon": null, "discount_amount": 0.0, "product_discount": 0.0, "delivery_charge": 0.0, "estimated_delivery_date": null, "tracking_number": null, "carrier": null, "refund_status": "Not Requested", "refund_reason": null, "refunded_at": null}}, {"model": "orders.order", "pk": 56, "fields": {"user": 29, "order_number": "2025032356", "first_name": "shafna", "last_name": "v k", "phone": "75939 44616", "email": "shafnavk70@gmail.com", "address_line_1": "ghjvgbnjk", "address_line_2": "swedrftgyhuji", "city": "Kozhikode", "state": "kerala", "country": "IN", "pincode": "673525", "order_note": "", "order_total": 15300.0, "tax": 300.0, "status": "New", "ip": "127.0.0.1", "is_ordered": false, "payment_method": "COD", "created_at": "2025-03-22T19:27:57.046Z", "updated_at": "2025-03-22T19:27:57.056Z", "coupon": null, "discount_amount": 0.0, "product_discount": 0.0, "delivery_charge": 0.0, "estimated_delivery_date": null, "tracking_number": null, "carrier": null, "refund_status": "Not Requested", "refund_reason": null, "refunded_at": null}}, {"model": "orders.order", "pk": 57, "fields": {"user": 29, "order_number": "2025032357", "first_name": "shafna", "last_name": "v k", "phone": "75939 44616", "email": "shafnavk70@gmail.com", "address_line_1": "ghjvgbnjk", "address_line_2": "swedrftgyhuji", "city": "Kozhikode", "state": "kerala", "country": "IN", "pincode": "673525", "order_note": "", "order_total": 15300.0, "tax": 300.0, "status": "New", "ip": "127.0.0.1", "is_ordered": false, "payment_method": "COD", "created_at": "2025-03-22T19:41:54.299Z", "updated_at": "2025-03-22T19:41:54.314Z", "coupon": null, "discount_amount": 0.0, "product_discount": 0.0, "delivery_charge": 0.0, "estimated_delivery_date": null, "tracking_number": null, "carrier": null, "refund_status": "Not Requested", "refund_reason": null, "refunded_at": null}}, {"model": "orders.order", "pk": 58, "fields": {"user": 29, "order_number": "2025032358", "first_name": "shafna", "last_name": "v k", "phone": "75939 44616", "email": "shafnavk70@gmail.com", "address_line_1": "ghjvgbnjk", "address_line_2": "swedrftgyhuji", "city": "Kozhikode", "state": "kerala", "country": "IN", "pincode": "673525", "order_note": "", "order_total": 15300.0, "tax": 300.0, "status": "New", "ip": "127.0.0.1", "is_ordered": false, "payment_method": "COD", "created_at": "2025-03-22T19:51:11.000Z", "updated_at": "2025-03-22T19:51:11.008Z", "coupon": null, "discount_amount": 0.0, "product_discount": 0.0, "delivery_charge": 0.0, "estimated_delivery_date": null, "tracking_number": null, "carrier": null, "refund_status": "Not Requested", "refund_reason": null, "refunded_at": null}}, {"model": "orders.order", "pk": 59, "fields": {"user": 29, "order_number": "2025032359", "first_name": "shafna", "last_name": "v k", "phone": "75939 44616", "email": "shafnavk70@gmail.com", "address_line_1": "ghjvgbnjk", "address_line_2": "swedrftgyhuji", "city": "Kozhikode", "state": "kerala", "country": "IN", "pincode": "673525", "order_note": "", "order_total": 15300.0, "tax": 300.0, "status": "New", "ip": "127.0.0.1", "is_ordered": false, "payment_method": "COD", "created_at": "2025-03-22T19:51:58.270Z", "updated_at": "2025-03-22T19:51:58.276Z", "coupon": null, "discount_amount": 0.0, "product_discount": 0.0, "delivery_charge": 0.0, "estimated_delivery_date": null, "tracking_number": null, "carrier": null, "refund_status": "Not Requested", "refund_reason": null, "refunded_at": null}}, {"model": "orders.order", "pk": 60, "fields": {"user": 29, "order_number": "2025032360", "first_name": "shafna", "last_name": "v k", "phone": "75939 44616", "email": "shafnavk70@gmail.com", "address_line_1": "ghjvgbnjk", "address_line_2": "swedrftgyhuji", "city": "Kozhikode", "state": "kerala", "country": "IN", "pincode": "673525", "order_note": "", "order_total": 15300.0, "tax": 300.0, "status": "New", "ip": "127.0.0.1", "is_ordered": false, "payment_method": "COD", "created_at": "2025-03-22T19:52:43.087Z", "updated_at": "2025-03-22T19:52:43.095Z", "coupon": null, "discount_amount": 0.0, "product_discount": 0.0, "delivery_charge": 0.0, "estimated_delivery_date": null, "tracking_number": null, "carrier": null, "refund_status": "Not Requested", "refund_reason": null, "refunded_at": null}}, {"model": "orders.order", "pk": 61, "fields": {"user": 29, "order_number": "2025032361", "first_name": "shafna", "last_name": "v k", "phone": "75939 44616", "email": "shafnavk70@gmail.com", "address_line_1": "ghjvgbnjk", "address_line_2": "swedrftgyhuji", "city": "Kozhikode", "state": "kerala", "country": "IN", "pincode": "673525", "order_note": "", "order_total": 15300.0, "tax": 300.0, "status": "New", "ip": "127.0.0.1", "is_ordered": false, "payment_method": "COD", "created_at": "2025-03-22T19:53:29.751Z", "updated_at": "2025-03-22T19:53:29.764Z", "coupon": null, "discount_amount": 0.0, "product_discount": 0.0, "delivery_charge": 0.0, "estimated_delivery_date": null, "tracking_number": null, "carrier": null, "refund_status": "Not Requested", "refund_reason": null, "refunded_at": null}}, {"model": "orders.order", "pk": 62, "fields": {"user": 29, "order_number": "2025032362", "first_name": "shafna", "last_name": "v k", "phone": "75939 44616", "email": "shafnavk70@gmail.com", "address_line_1": "ghjvgbnjk", "address_line_2": "swedrftgyhuji", "city": "Kozhikode", "state": "kerala", "country": "IN", "pincode": "673525", "order_note": "", "order_total": 15300.0, "tax": 300.0, "status": "New", "ip": "127.0.0.1", "is_ordered": false, "payment_method": "COD", "created_at": "2025-03-22T19:54:40.441Z", "updated_at": "2025-03-22T19:54:40.451Z", "coupon": null, "discount_amount": 0.0, "product_discount": 0.0, "delivery_charge": 0.0, "estimated_delivery_date": null, "tracking_number": null, "carrier": null, "refund_status": "Not Requested", "refund_reason": null, "refunded_at": null}}, {"model": "orders.order", "pk": 63, "fields": {"user": 29, "order_number": "2025032363", "first_name": "shafna", "last_name": "v k", "phone": "75939 44616", "email": "shafnavk70@gmail.com", "address_line_1": "ghjvgbnjk", "address_line_2": "swedrftgyhuji", "city": "Kozhikode", "state": "kerala", "country": "IN", "pincode": "673525", "order_note": "", "order_total": 15300.0, "tax": 300.0, "status": "New", "ip": "127.0.0.1", "is_ordered": false, "payment_method": "COD", "created_at": "2025-03-22T19:54:55.711Z", "updated_at": "2025-03-22T19:54:55.716Z", "coupon": null, "discount_amount": 0.0, "product_discount": 0.0, "delivery_charge": 0.0, "estimated_delivery_date": null, "tracking_number": null, "carrier": null, "refund_status": "Not Requested", "refund_reason": null, "refunded_at": null}}, {"model": "orders.order", "pk": 64, "fields": {"user": 29, "order_number": "2025032364", "first_name": "shafna", "last_name": "v k", "phone": "75939 44616", "email": "shafnavk70@gmail.com", "address_line_1": "ghjvgbnjk", "address_line_2": "swedrftgyhuji", "city": "Kozhikode", "state": "kerala", "country": "IN", "pincode": "673525", "order_note": "", "order_total": 15300.0, "tax": 300.0, "status": "New", "ip": "127.0.0.1", "is_ordered": false, "payment_method": "COD", "created_at": "2025-03-22T19:59:46.512Z", "updated_at": "2025-03-22T19:59:46.519Z", "coupon": null, "discount_amount": 0.0, "product_discount": 0.0, "delivery_charge": 0.0, "estimated_delivery_date": null, "tracking_number": null, "carrier": null, "refund_status": "Not Requested", "refund_reason": null, "refunded_at": null}}, {"model": "orders.order", "pk": 65, "fields": {"user": 29, "order_number": "2025032365", "first_name": "shafna", "last_name": "v k", "phone": "75939 44616", "email": "shafnavk70@gmail.com", "address_line_1": "ghjvgbnjk", "address_line_2": "swedrftgyhuji", "city": "Kozhikode", "state": "kerala", "country": "IN", "pincode": "673525", "order_note": "", "order_total": 15300.0, "tax": 300.0, "status": "New", "ip": "127.0.0.1", "is_ordered": false, "payment_method": "COD", "created_at": "2025-03-22T20:00:13.005Z", "updated_at": "2025-03-22T20:00:13.009Z", "coupon": null, "discount_amount": 0.0, "product_discount": 0.0, "delivery_charge": 0.0, "estimated_delivery_date": null, "tracking_number": null, "carrier": null, "refund_status": "Not Requested", "refund_reason": null, "refunded_at": null}}, {"model": "orders.order", "pk": 66, "fields": {"user": 29, "order_number": "2025032366", "first_name": "shafna", "last_name": "v k", "phone": "75939 44616", "email": "shafnavk70@gmail.com", "address_line_1": "ghjvgbnjk", "address_line_2": "swedrftgyhuji", "city": "Kozhikode", "state": "kerala", "country": "IN", "pincode": "673525", "order_note": "", "order_total": 15300.0, "tax": 300.0, "status": "New", "ip": "127.0.0.1", "is_ordered": false, "payment_method": "COD", "created_at": "2025-03-22T20:00:30.067Z", "updated_at": "2025-03-22T20:00:30.072Z", "coupon": null, "discount_amount": 0.0, "product_discount": 0.0, "delivery_charge": 0.0, "estimated_delivery_date": null, "tracking_number": null, "carrier": null, "refund_status": "Not Requested", "refund_reason": null, "refunded_at": null}}, {"model": "orders.order", "pk": 67, "fields": {"user": 29, "order_number": "2025032367", "first_name": "shafna", "last_name": "v k", "phone": "75939 44616", "email": "shafnavk70@gmail.com", "address_line_1": "ghjvgbnjk", "address_line_2": "swedrftgyhuji", "city": "Kozhikode", "state": "kerala", "country": "IN", "pincode": "673525", "order_note": "", "order_total": 15300.0, "tax": 300.0, "status": "New", "ip": "127.0.0.1", "is_ordered": false, "payment_method": "COD", "created_at": "2025-03-22T20:02:38.509Z", "updated_at": "2025-03-22T20:02:38.516Z", "coupon": null, "discount_amount": 0.0, "product_discount": 0.0, "delivery_charge": 0.0, "estimated_delivery_date": null, "tracking_number": null, "carrier": null, "refund_status": "Not Requested", "refund_reason": null, "refunded_at": null}}, {"model": "orders.order", "pk": 68, "fields": {"user": 29, "order_number": "2025032368", "first_name": "shafna", "last_name": "v k", "phone": "75939 44616", "email": "shafnavk70@gmail.com", "address_line_1": "ghjvgbnjk", "address_line_2": "swedrftgyhuji", "city": "Kozhikode", "state": "kerala", "country": "IN", "pincode": "673525", "order_note": "", "order_total": 15300.0, "tax": 300.0, "status": "New", "ip": "127.0.0.1", "is_ordered": false, "payment_method": "COD", "created_at": "2025-03-22T20:02:49.033Z", "updated_at": "2025-03-22T20:02:49.038Z", "coupon": null, "discount_amount": 0.0, "product_discount": 0.0, "delivery_charge": 0.0, "estimated_delivery_date": null, "tracking_number": null, "carrier": null, "refund_status": "Not Requested", "refund_reason": null, "refunded_at": null}}, {"model": "orders.order", "pk": 69, "fields": {"user": 29, "order_number": "2025032369", "first_name": "shafna", "last_name": "v k", "phone": "75939 44616", "email": "shafnavk70@gmail.com", "address_line_1": "ghjvgbnjk", "address_line_2": "swedrftgyhuji", "city": "Kozhikode", "state": "kerala", "country": "IN", "pincode": "673525", "order_note": "", "order_total": 15300.0, "tax": 300.0, "status": "New", "ip": "127.0.0.1", "is_ordered": false, "payment_method": "COD", "created_at": "2025-03-22T20:03:28.532Z", "updated_at": "2025-03-22T20:03:28.539Z", "coupon": null, "discount_amount": 0.0, "product_discount": 0.0, "delivery_charge": 0.0, "estimated_delivery_date": null, "tracking_number": null, "carrier": null, "refund_status": "Not Requested", "refund_reason": null, "refunded_at": null}}, {"model": "orders.order", "pk": 70, "fields": {"user": 29, "order_number": "2025032370", "first_name": "shafna", "last_name": "v k", "phone": "75939 44616", "email": "shafnavk70@gmail.com", "address_line_1": "ghjvgbnjk", "address_line_2": "swedrftgyhuji", "city": "Kozhikode", "state": "kerala", "country": "IN", "pincode": "673525", "order_note": "", "order_total": 15300.0, "tax": 300.0, "status": "New", "ip": "127.0.0.1", "is_ordered": false, "payment_method": "COD", "created_at": "2025-03-22T20:12:04.879Z", "updated_at": "2025-03-22T20:12:04.888Z", "coupon": null, "discount_amount": 0.0, "product_discount": 0.0, "delivery_charge": 0.0, "estimated_delivery_date": null, "tracking_number": null, "carrier": null, "refund_status": "Not Requested", "refund_reason": null, "refunded_at": null}}, {"model": "orders.order", "pk": 71, "fields": {"user": 29, "order_number": "2025032371", "first_name": "shafna", "last_name": "v k", "phone": "75939 44616", "email": "shafnavk70@gmail.com", "address_line_1": "ghjvgbnjk", "address_line_2": "swedrftgyhuji", "city": "Kozhikode", "state": "kerala", "country": "IN", "pincode": "673525", "order_note": "", "order_total": 15300.0, "tax": 300.0, "status": "New", "ip": "127.0.0.1", "is_ordered": false, "payment_method": "COD", "created_at": "2025-03-22T20:13:07.315Z", "updated_at": "2025-03-22T20:13:07.322Z", "coupon": null, "discount_amount": 0.0, "product_discount": 0.0, "delivery_charge": 0.0, "estimated_delivery_date": null, "tracking_number": null, "carrier": null, "refund_status": "Not Requested", "refund_reason": null, "refunded_at": null}}, {"model": "orders.order", "pk": 72, "fields": {"user": 29, "order_number": "2025032372", "first_name": "shafna", "last_name": "v k", "phone": "75939 44616", "email": "shafnavk70@gmail.com", "address_line_1": "ghjvgbnjk", "address_line_2": "swedrftgyhuji", "city": "Kozhikode", "state": "kerala", "country": "IN", "pincode": "673525", "order_note": "", "order_total": 15300.0, "tax": 300.0, "status": "New", "ip": "127.0.0.1", "is_ordered": false, "payment_method": "COD", "created_at": "2025-03-22T20:13:29.784Z", "updated_at": "2025-03-22T20:13:29.793Z", "coupon": null, "discount_amount": 0.0, "product_discount": 0.0, "delivery_charge": 0.0, "estimated_delivery_date": null, "tracking_number": null, "carrier": null, "refund_status": "Not Requested", "refund_reason": null, "refunded_at": null}}, {"model": "orders.order", "pk": 73, "fields": {"user": 29, "order_number": "2025032373", "first_name": "shafna", "last_name": "v k", "phone": "75939 44616", "email": "shafnavk70@gmail.com", "address_line_1": "ghjvgbnjk", "address_line_2": "swedrftgyhuji", "city": "Kozhikode", "state": "kerala", "country": "IN", "pincode": "673525", "order_note": "", "order_total": 15300.0, "tax": 300.0, "status": "New", "ip": "127.0.0.1", "is_ordered": false, "payment_method": "COD", "created_at": "2025-03-22T20:14:33.212Z", "updated_at": "2025-03-22T20:14:33.222Z", "coupon": null, "discount_amount": 0.0, "product_discount": 0.0, "delivery_charge": 0.0, "estimated_delivery_date": null, "tracking_number": null, "carrier": null, "refund_status": "Not Requested", "refund_reason": null, "refunded_at": null}}, {"model": "orders.order", "pk": 74, "fields": {"user": 29, "order_number": "2025032374", "first_name": "shafna", "last_name": "v k", "phone": "75939 44616", "email": "shafnavk70@gmail.com", "address_line_1": "ghjvgbnjk", "address_line_2": "swedrftgyhuji", "city": "Kozhikode", "state": "kerala", "country": "IN", "pincode": "673525", "order_note": "", "order_total": 15300.0, "tax": 300.0, "status": "New", "ip": "127.0.0.1", "is_ordered": false, "payment_method": "COD", "created_at": "2025-03-22T20:15:28.271Z", "updated_at": "2025-03-22T20:15:28.276Z", "coupon": null, "discount_amount": 0.0, "product_discount": 0.0, "delivery_charge": 0.0, "estimated_delivery_date": null, "tracking_number": null, "carrier": null, "refund_status": "Not Requested", "refund_reason": null, "refunded_at": null}}, {"model": "orders.order", "pk": 75, "fields": {"user": 29, "order_number": "2025032375", "first_name": "shafna", "last_name": "v k", "phone": "75939 44616", "email": "shafnavk70@gmail.com", "address_line_1": "ghjvgbnjk", "address_line_2": "swedrftgyhuji", "city": "Kozhikode", "state": "kerala", "country": "IN", "pincode": "673525", "order_note": "", "order_total": 15300.0, "tax": 300.0, "status": "New", "ip": "127.0.0.1", "is_ordered": false, "payment_method": "COD", "created_at": "2025-03-22T20:16:10.611Z", "updated_at": "2025-03-22T20:16:10.615Z", "coupon": null, "discount_amount": 0.0, "product_discount": 0.0, "delivery_charge": 0.0, "estimated_delivery_date": null, "tracking_number": null, "carrier": null, "refund_status": "Not Requested", "refund_reason": null, "refunded_at": null}}, {"model": "orders.order", "pk": 76, "fields": {"user": 29, "order_number": "2025032376", "first_name": "shafna", "last_name": "v k", "phone": "75939 44616", "email": "shafnavk70@gmail.com", "address_line_1": "ghjvgbnjk", "address_line_2": "swedrftgyhuji", "city": "Kozhikode", "state": "kerala", "country": "IN", "pincode": "673525", "order_note": "", "order_total": 15300.0, "tax": 300.0, "status": "New", "ip": "127.0.0.1", "is_ordered": true, "payment_method": "PayPal", "created_at": "2025-03-22T20:26:51.870Z", "updated_at": "2025-03-22T20:28:25.077Z", "coupon": null, "discount_amount": 0.0, "product_discount": 0.0, "delivery_charge": 0.0, "estimated_delivery_date": "2025-03-30", "tracking_number": null, "carrier": null, "refund_status": "Not Requested", "refund_reason": null, "refunded_at": null}}, {"model": "orders.order", "pk": 77, "fields": {"user": 29, "order_number": "2025032377", "first_name": "shafna", "last_name": "v k", "phone": "75939 44616", "email": "shafnavk70@gmail.com", "address_line_1": "ghjvgbnjk", "address_line_2": "swedrftgyhuji", "city": "Kozhikode", "state": "kerala", "country": "IN", "pincode": "673525", "order_note": "", "order_total": 16830.0, "tax": 330.0, "status": "New", "ip": "127.0.0.1", "is_ordered": false, "payment_method": "COD", "created_at": "2025-03-22T20:34:24.292Z", "updated_at": "2025-03-22T20:34:24.294Z", "coupon": null, "discount_amount": 0.0, "product_discount": 0.0, "delivery_charge": 0.0, "estimated_delivery_date": null, "tracking_number": null, "carrier": null, "refund_status": "Not Requested", "refund_reason": null, "refunded_at": null}}, {"model": "orders.order", "pk": 78, "fields": {"user": 29, "order_number": "2025032378", "first_name": "shafna", "last_name": "v k", "phone": "75939 44616", "email": "shafnavk70@gmail.com", "address_line_1": "ghjvgbnjk", "address_line_2": "swedrftgyhuji", "city": "Kozhikode", "state": "kerala", "country": "IN", "pincode": "673525", "order_note": "", "order_total": 16830.0, "tax": 330.0, "status": "New", "ip": "127.0.0.1", "is_ordered": false, "payment_method": "COD", "created_at": "2025-03-22T20:35:13.884Z", "updated_at": "2025-03-22T20:35:13.888Z", "coupon": null, "discount_amount": 0.0, "product_discount": 0.0, "delivery_charge": 0.0, "estimated_delivery_date": null, "tracking_number": null, "carrier": null, "refund_status": "Not Requested", "refund_reason": null, "refunded_at": null}}, {"model": "orders.order", "pk": 79, "fields": {"user": 29, "order_number": "2025032379", "first_name": "shafna", "last_name": "v k", "phone": "75939 44616", "email": "shafnavk70@gmail.com", "address_line_1": "ghjvgbnjk", "address_line_2": "swedrftgyhuji", "city": "Kozhikode", "state": "kerala", "country": "IN", "pincode": "673525", "order_note": "", "order_total": 16830.0, "tax": 330.0, "status": "New", "ip": "127.0.0.1", "is_ordered": false, "payment_method": "COD", "created_at": "2025-03-22T20:37:50.615Z", "updated_at": "2025-03-22T20:37:50.624Z", "coupon": null, "discount_amount": 0.0, "product_discount": 0.0, "delivery_charge": 0.0, "estimated_delivery_date": null, "tracking_number": null, "carrier": null, "refund_status": "Not Requested", "refund_reason": null, "refunded_at": null}}, {"model": "orders.order", "pk": 80, "fields": {"user": 29, "order_number": "2025032380", "first_name": "shafna", "last_name": "v k", "phone": "75939 44616", "email": "shafnavk70@gmail.com", "address_line_1": "ghjvgbnjk", "address_line_2": "swedrftgyhuji", "city": "Kozhikode", "state": "kerala", "country": "IN", "pincode": "673525", "order_note": "", "order_total": 16830.0, "tax": 330.0, "status": "New", "ip": "127.0.0.1", "is_ordered": false, "payment_method": "COD", "created_at": "2025-03-22T20:39:35.219Z", "updated_at": "2025-03-22T20:39:35.241Z", "coupon": null, "discount_amount": 0.0, "product_discount": 0.0, "delivery_charge": 0.0, "estimated_delivery_date": null, "tracking_number": null, "carrier": null, "refund_status": "Not Requested", "refund_reason": null, "refunded_at": null}}, {"model": "orders.order", "pk": 81, "fields": {"user": 29, "order_number": "2025032381", "first_name": "shafna", "last_name": "v k", "phone": "75939 44616", "email": "shafnavk70@gmail.com", "address_line_1": "ghjvgbnjk", "address_line_2": "swedrftgyhuji", "city": "Kozhikode", "state": "kerala", "country": "IN", "pincode": "673525", "order_note": "", "order_total": 16830.0, "tax": 330.0, "status": "New", "ip": "127.0.0.1", "is_ordered": false, "payment_method": "COD", "created_at": "2025-03-22T20:40:02.307Z", "updated_at": "2025-03-22T20:40:02.319Z", "coupon": null, "discount_amount": 0.0, "product_discount": 0.0, "delivery_charge": 0.0, "estimated_delivery_date": null, "tracking_number": null, "carrier": null, "refund_status": "Not Requested", "refund_reason": null, "refunded_at": null}}, {"model": "orders.order", "pk": 82, "fields": {"user": 29, "order_number": "2025032382", "first_name": "shafna", "last_name": "v k", "phone": "75939 44616", "email": "shafnavk70@gmail.com", "address_line_1": "ghjvgbnjk", "address_line_2": "swedrftgyhuji", "city": "Kozhikode", "state": "kerala", "country": "IN", "pincode": "673525", "order_note": "", "order_total": 16830.0, "tax": 330.0, "status": "New", "ip": "127.0.0.1", "is_ordered": false, "payment_method": "COD", "created_at": "2025-03-22T20:40:45.271Z", "updated_at": "2025-03-22T20:40:45.282Z", "coupon": null, "discount_amount": 0.0, "product_discount": 0.0, "delivery_charge": 0.0, "estimated_delivery_date": null, "tracking_number": null, "carrier": null, "refund_status": "Not Requested", "refund_reason": null, "refunded_at": null}}, {"model": "orders.order", "pk": 83, "fields": {"user": 29, "order_number": "2025032383", "first_name": "shafna", "last_name": "v k", "phone": "75939 44616", "email": "shafnavk70@gmail.com", "address_line_1": "ghjvgbnjk", "address_line_2": "swedrftgyhuji", "city": "Kozhikode", "state": "kerala", "country": "IN", "pincode": "673525", "order_note": "", "order_total": 16830.0, "tax": 330.0, "status": "New", "ip": "127.0.0.1", "is_ordered": false, "payment_method": "COD", "created_at": "2025-03-22T20:40:59.597Z", "updated_at": "2025-03-22T20:40:59.601Z", "coupon": null, "discount_amount": 0.0, "product_discount": 0.0, "delivery_charge": 0.0, "estimated_delivery_date": null, "tracking_number": null, "carrier": null, "refund_status": "Not Requested", "refund_reason": null, "refunded_at": null}}, {"model": "orders.order", "pk": 84, "fields": {"user": 29, "order_number": "2025032384", "first_name": "shafna", "last_name": "v k", "phone": "75939 44616", "email": "shafnavk70@gmail.com", "address_line_1": "ghjvgbnjk", "address_line_2": "swedrftgyhuji", "city": "Kozhikode", "state": "kerala", "country": "IN", "pincode": "673525", "order_note": "", "order_total": 16830.0, "tax": 330.0, "status": "New", "ip": "127.0.0.1", "is_ordered": false, "payment_method": "COD", "created_at": "2025-03-22T20:41:16.793Z", "updated_at": "2025-03-22T20:41:16.797Z", "coupon": null, "discount_amount": 0.0, "product_discount": 0.0, "delivery_charge": 0.0, "estimated_delivery_date": null, "tracking_number": null, "carrier": null, "refund_status": "Not Requested", "refund_reason": null, "refunded_at": null}}, {"model": "orders.order", "pk": 85, "fields": {"user": 29, "order_number": "2025032385", "first_name": "shafna", "last_name": "v k", "phone": "75939 44616", "email": "shafnavk70@gmail.com", "address_line_1": "ghjvgbnjk", "address_line_2": "swedrftgyhuji", "city": "Kozhikode", "state": "kerala", "country": "IN", "pincode": "673525", "order_note": "", "order_total": 16830.0, "tax": 330.0, "status": "New", "ip": "127.0.0.1", "is_ordered": false, "payment_method": "COD", "created_at": "2025-03-22T20:41:31.704Z", "updated_at": "2025-03-22T20:41:31.706Z", "coupon": null, "discount_amount": 0.0, "product_discount": 0.0, "delivery_charge": 0.0, "estimated_delivery_date": null, "tracking_number": null, "carrier": null, "refund_status": "Not Requested", "refund_reason": null, "refunded_at": null}}, {"model": "orders.order", "pk": 86, "fields": {"user": 29, "order_number": "2025032386", "first_name": "shafna", "last_name": "v k", "phone": "75939 44616", "email": "shafnavk70@gmail.com", "address_line_1": "ghjvgbnjk", "address_line_2": "swedrftgyhuji", "city": "Kozhikode", "state": "kerala", "country": "IN", "pincode": "673525", "order_note": "", "order_total": 16830.0, "tax": 330.0, "status": "Shipped", "ip": "127.0.0.1", "is_ordered": false, "payment_method": "COD", "created_at": "2025-03-22T20:41:59.382Z", "updated_at": "2025-03-24T18:41:48.543Z", "coupon": null, "discount_amount": 0.0, "product_discount": 0.0, "delivery_charge": 0.0, "estimated_delivery_date": null, "tracking_number": null, "carrier": null, "refund_status": "Not Requested", "refund_reason": null, "refunded_at": null}}, {"model": "orders.order", "pk": 87, "fields": {"user": 29, "order_number": "2025032387", "first_name": "shafna", "last_name": "v k", "phone": "75939 44616", "email": "shafnavk70@gmail.com", "address_line_1": "ghjvgbnjk", "address_line_2": "swedrftgyhuji", "city": "Kozhikode", "state": "kerala", "country": "IN", "pincode": "673525", "order_note": "", "order_total": 16830.0, "tax": 330.0, "status": "Processing", "ip": "127.0.0.1", "is_ordered": true, "payment_method": "COD", "created_at": "2025-03-22T20:42:14.507Z", "updated_at": "2025-03-22T20:52:35.492Z", "coupon": null, "discount_amount": 0.0, "product_discount": 0.0, "delivery_charge": 0.0, "estimated_delivery_date": "2025-03-30", "tracking_number": null, "carrier": null, "refund_status": "Not Requested", "refund_reason": null, "refunded_at": null}}, {"model": "orders.order", "pk": 88, "fields": {"user": 29, "order_number": "2025032388", "first_name": "shafna", "last_name": "v k", "phone": "75939 44616", "email": "shafnavk70@gmail.com", "address_line_1": "ghjvgbnjk", "address_line_2": "swedrftgyhuji", "city": "Kozhikode", "state": "kerala", "country": "IN", "pincode": "673525", "order_note": "", "order_total": 15300.0, "tax": 300.0, "status": "Cancelled", "ip": "127.0.0.1", "is_ordered": true, "payment_method": "COD", "created_at": "2025-03-22T20:45:31.748Z", "updated_at": "2025-03-31T20:41:54.717Z", "coupon": null, "discount_amount": 0.0, "product_discount": 0.0, "delivery_charge": 0.0, "estimated_delivery_date": "2025-03-30", "tracking_number": null, "carrier": null, "refund_status": "Not Requested", "refund_reason": null, "refunded_at": null}}, {"model": "orders.order", "pk": 89, "fields": {"user": 1, "order_number": "2025032589", "first_name": "shafna", "last_name": "v k", "phone": "75939 44616", "email": "user123@gmail.com", "address_line_1": "ghjvgbnjk", "address_line_2": "swedrftgyhuji", "city": "Kozhikode", "state": "kerala", "country": "IN", "pincode": "673525", "order_note": "", "order_total": 25500.0, "tax": 500.0, "status": "Delivered", "ip": "127.0.0.1", "is_ordered": true, "payment_method": "PayPal", "created_at": "2025-03-25T00:01:53.978Z", "updated_at": "2025-03-31T21:05:15.797Z", "coupon": null, "discount_amount": 0.0, "product_discount": 0.0, "delivery_charge": 0.0, "estimated_delivery_date": "2025-04-01", "tracking_number": null, "carrier": null, "refund_status": "Pending", "refund_reason": "dxfcvghbjn", "refunded_at": null}}, {"model": "orders.order", "pk": 90, "fields": {"user": 65, "order_number": "2025032590", "first_name": "zaim", "last_name": "aibak", "phone": "75939 44616", "email": "zaimaibak100@gmail.com", "address_line_1": "sdfgyhuij", "address_line_2": "cfvgbhnjkm,l", "city": "Kozhikode", "state": "KL", "country": "IN", "pincode": "673525", "order_note": "", "order_total": 5200.0, "tax": 200.0, "status": "Cancelled", "ip": "127.0.0.1", "is_ordered": true, "payment_method": "PayPal", "created_at": "2025-03-25T00:30:41.139Z", "updated_at": "2025-03-25T00:38:00.906Z", "coupon": null, "discount_amount": 5000.0, "product_discount": 0.0, "delivery_charge": 0.0, "estimated_delivery_date": "2025-04-01", "tracking_number": null, "carrier": null, "refund_status": "Not Requested", "refund_reason": null, "refunded_at": null}}, {"model": "orders.order", "pk": 91, "fields": {"user": 65, "order_number": "2025032691", "first_name": "rafi", "last_name": "mrm", "phone": "7593944616", "email": "shafnavk70@gmail.com", "address_line_1": "ghjvgbnjk", "address_line_2": "fdcgvhjbknlm", "city": "Kozhikode", "state": "KL", "country": "IN", "pincode": "673525", "order_note": "", "order_total": 25500.0, "tax": 500.0, "status": "New", "ip": "127.0.0.1", "is_ordered": false, "payment_method": "COD", "created_at": "2025-03-25T19:19:08.633Z", "updated_at": "2025-03-25T19:19:08.648Z", "coupon": null, "discount_amount": 0.0, "product_discount": 0.0, "delivery_charge": 0.0, "estimated_delivery_date": null, "tracking_number": null, "carrier": null, "refund_status": "Not Requested", "refund_reason": null, "refunded_at": null}}, {"model": "orders.order", "pk": 92, "fields": {"user": 65, "order_number": "2025032692", "first_name": "rafi", "last_name": "mrm", "phone": "7593944616", "email": "shafnavk70@gmail.com", "address_line_1": "ghjvgbnjk", "address_line_2": "fdcgvhjbknlm", "city": "Kozhikode", "state": "KL", "country": "IN", "pincode": "673525", "order_note": "", "order_total": 25500.0, "tax": 500.0, "status": "New", "ip": "127.0.0.1", "is_ordered": false, "payment_method": "COD", "created_at": "2025-03-25T19:19:35.608Z", "updated_at": "2025-03-25T19:19:35.616Z", "coupon": null, "discount_amount": 0.0, "product_discount": 0.0, "delivery_charge": 0.0, "estimated_delivery_date": null, "tracking_number": null, "carrier": null, "refund_status": "Not Requested", "refund_reason": null, "refunded_at": null}}, {"model": "orders.order", "pk": 93, "fields": {"user": 1, "order_number": "2025040193", "first_name": "shafna", "last_name": "v k", "phone": "75939 44616", "email": "user123@gmail.com", "address_line_1": "ghjvgbnjk", "address_line_2": "swedrftgyhuji", "city": "Kozhikode", "state": "kerala", "country": "IN", "pincode": "673525", "order_note": "", "order_total": 25300.0, "tax": 500.0, "status": "New", "ip": "127.0.0.1", "is_ordered": false, "payment_method": "COD", "created_at": "2025-03-31T19:42:30.485Z", "updated_at": "2025-03-31T19:42:30.490Z", "coupon": null, "discount_amount": 200.0, "product_discount": 0.0, "delivery_charge": 0.0, "estimated_delivery_date": null, "tracking_number": null, "carrier": null, "refund_status": "Not Requested", "refund_reason": null, "refunded_at": null}}, {"model": "orders.order", "pk": 94, "fields": {"user": 1, "order_number": "2025040194", "first_name": "shafna", "last_name": "v k", "phone": "75939 44616", "email": "user123@gmail.com", "address_line_1": "ghjvgbnjk", "address_line_2": "swedrftgyhuji", "city": "Kozhikode", "state": "kerala", "country": "IN", "pincode": "673525", "order_note": "", "order_total": 25500.0, "tax": 500.0, "status": "New", "ip": "127.0.0.1", "is_ordered": false, "payment_method": "COD", "created_at": "2025-03-31T19:42:56.120Z", "updated_at": "2025-03-31T19:42:56.125Z", "coupon": null, "discount_amount": 0.0, "product_discount": 0.0, "delivery_charge": 0.0, "estimated_delivery_date": null, "tracking_number": null, "carrier": null, "refund_status": "Not Requested", "refund_reason": null, "refunded_at": null}}, {"model": "orders.order", "pk": 95, "fields": {"user": 1, "order_number": "2025040195", "first_name": "shafna", "last_name": "v k", "phone": "75939 44616", "email": "user123@gmail.com", "address_line_1": "ghjvgbnjk", "address_line_2": "swedrftgyhuji", "city": "Kozhikode", "state": "kerala", "country": "IN", "pincode": "673525", "order_note": "", "order_total": 25500.0, "tax": 500.0, "status": "New", "ip": "127.0.0.1", "is_ordered": false, "payment_method": "COD", "created_at": "2025-03-31T19:56:55.856Z", "updated_at": "2025-03-31T19:56:55.864Z", "coupon": null, "discount_amount": 0.0, "product_discount": 0.0, "delivery_charge": 0.0, "estimated_delivery_date": null, "tracking_number": null, "carrier": null, "refund_status": "Not Requested", "refund_reason": null, "refunded_at": null}}, {"model": "orders.order", "pk": 96, "fields": {"user": 1, "order_number": "2025040196", "first_name": "shafna", "last_name": "v k", "phone": "75939 44616", "email": "user123@gmail.com", "address_line_1": "ghjvgbnjk", "address_line_2": "swedrftgyhuji", "city": "Kozhikode", "state": "kerala", "country": "IN", "pincode": "673525", "order_note": "", "order_total": 25500.0, "tax": 500.0, "status": "New", "ip": "127.0.0.1", "is_ordered": false, "payment_method": "COD", "created_at": "2025-03-31T19:57:13.299Z", "updated_at": "2025-03-31T19:57:13.303Z", "coupon": null, "discount_amount": 0.0, "product_discount": 0.0, "delivery_charge": 0.0, "estimated_delivery_date": null, "tracking_number": null, "carrier": null, "refund_status": "Not Requested", "refund_reason": null, "refunded_at": null}}, {"model": "orders.order", "pk": 97, "fields": {"user": 1, "order_number": "2025040197", "first_name": "shafna", "last_name": "v k", "phone": "75939 44616", "email": "user123@gmail.com", "address_line_1": "ghjvgbnjk", "address_line_2": "swedrftgyhuji", "city": "Kozhikode", "state": "kerala", "country": "IN", "pincode": "673525", "order_note": "", "order_total": 25500.0, "tax": 500.0, "status": "Delivered", "ip": "127.0.0.1", "is_ordered": false, "payment_method": "COD", "created_at": "2025-03-31T19:57:50.751Z", "updated_at": "2025-03-31T20:45:39.975Z", "coupon": null, "discount_amount": 0.0, "product_discount": 0.0, "delivery_charge": 0.0, "estimated_delivery_date": null, "tracking_number": null, "carrier": null, "refund_status": "Not Requested", "refund_reason": null, "refunded_at": null}}, {"model": "orders.order", "pk": 98, "fields": {"user": 1, "order_number": "2025040198", "first_name": "shafna", "last_name": "v k", "phone": "75939 44616", "email": "user123@gmail.com", "address_line_1": "ghjvgbnjk", "address_line_2": "swedrftgyhuji", "city": "Kozhikode", "state": "kerala", "country": "IN", "pincode": "673525", "order_note": "", "order_total": 1020.0, "tax": 20.0, "status": "Refunded", "ip": "127.0.0.1", "is_ordered": true, "payment_method": "COD", "created_at": "2025-03-31T20:48:38.697Z", "updated_at": "2025-04-01T00:00:17.869Z", "coupon": null, "discount_amount": 0.0, "product_discount": 0.0, "delivery_charge": 0.0, "estimated_delivery_date": "2025-04-08", "tracking_number": null, "carrier": null, "refund_status": "Completed", "refund_reason": "fcgvhbjnkml,drftghjklxcfvgbhjnkml,", "refunded_at": "2025-04-01T00:00:17.869Z"}}, {"model": "orders.order", "pk": 99, "fields": {"user": 1, "order_number": "2025040199", "first_name": "shafna", "last_name": "v k", "phone": "75939 44616", "email": "user123@gmail.com", "address_line_1": "ghjvgbnjk", "address_line_2": "swedrftgyhuji", "city": "Kozhikode", "state": "kerala", "country": "IN", "pincode": "673525", "order_note": "", "order_total": 1020.0, "tax": 20.0, "status": "Cancelled", "ip": "127.0.0.1", "is_ordered": true, "payment_method": "PayPal", "created_at": "2025-03-31T20:49:17.970Z", "updated_at": "2025-03-31T23:50:11.656Z", "coupon": null, "discount_amount": 0.0, "product_discount": 0.0, "delivery_charge": 0.0, "estimated_delivery_date": "2025-04-08", "tracking_number": null, "carrier": null, "refund_status": "Not Requested", "refund_reason": null, "refunded_at": null}}, {"model": "orders.order", "pk": 100, "fields": {"user": 1, "order_number": "20250401100", "first_name": "shafna", "last_name": "v k", "phone": "75939 44616", "email": "user123@gmail.com", "address_line_1": "ghjvgbnjk", "address_line_2": "swedrftgyhuji", "city": "Kozhikode", "state": "kerala", "country": "IN", "pincode": "673525", "order_note": "", "order_total": 1257.66, "tax": 24.66, "status": "New", "ip": "127.0.0.1", "is_ordered": false, "payment_method": "COD", "created_at": "2025-04-01T00:09:03.946Z", "updated_at": "2025-04-01T00:09:03.950Z", "coupon": null, "discount_amount": 0.0, "product_discount": 0.0, "delivery_charge": 0.0, "estimated_delivery_date": null, "tracking_number": null, "carrier": null, "refund_status": "Not Requested", "refund_reason": null, "refunded_at": null}}, {"model": "orders.order", "pk": 101, "fields": {"user": 1, "order_number": "20250401101", "first_name": "shafna", "last_name": "v k", "phone": "75939 44616", "email": "user123@gmail.com", "address_line_1": "ghjvgbnjk", "address_line_2": "swedrftgyhuji", "city": "Kozhikode", "state": "kerala", "country": "IN", "pincode": "673525", "order_note": "", "order_total": 1257.66, "tax": 24.66, "status": "New", "ip": "127.0.0.1", "is_ordered": false, "payment_method": "COD", "created_at": "2025-04-01T00:13:06.840Z", "updated_at": "2025-04-01T00:13:06.847Z", "coupon": null, "discount_amount": 0.0, "product_discount": 0.0, "delivery_charge": 0.0, "estimated_delivery_date": null, "tracking_number": null, "carrier": null, "refund_status": "Not Requested", "refund_reason": null, "refunded_at": null}}, {"model": "orders.order", "pk": 102, "fields": {"user": 1, "order_number": "20250401102", "first_name": "shafna", "last_name": "v k", "phone": "75939 44616", "email": "user123@gmail.com", "address_line_1": "ghjvgbnjk", "address_line_2": "swedrftgyhuji", "city": "Kozhikode", "state": "kerala", "country": "IN", "pincode": "673525", "order_note": "", "order_total": 1020.0, "tax": 20.0, "status": "New", "ip": "127.0.0.1", "is_ordered": true, "payment_method": "Wallet", "created_at": "2025-04-01T00:14:06.978Z", "updated_at": "2025-04-01T00:14:09.928Z", "coupon": null, "discount_amount": 0.0, "product_discount": 0.0, "delivery_charge": 0.0, "estimated_delivery_date": "2025-04-08", "tracking_number": null, "carrier": null, "refund_status": "Not Requested", "refund_reason": null, "refunded_at": null}}, {"model": "orders.order", "pk": 103, "fields": {"user": 1, "order_number": "20250401103", "first_name": "shafna", "last_name": "v k", "phone": "75939 44616", "email": "user123@gmail.com", "address_line_1": "ghjvgbnjk", "address_line_2": "swedrftgyhuji", "city": "Kozhikode", "state": "kerala", "country": "IN", "pincode": "673525", "order_note": "", "order_total": 2040.0, "tax": 40.0, "status": "New", "ip": "127.0.0.1", "is_ordered": true, "payment_method": "Wallet", "created_at": "2025-04-01T00:16:10.180Z", "updated_at": "2025-04-01T00:16:22.246Z", "coupon": null, "discount_amount": 0.0, "product_discount": 0.0, "delivery_charge": 0.0, "estimated_delivery_date": "2025-04-08", "tracking_number": null, "carrier": null, "refund_status": "Not Requested", "refund_reason": null, "refunded_at": null}}, {"model": "orders.order", "pk": 104, "fields": {"user": 1, "order_number": "20250401104", "first_name": "shafna", "last_name": "v k", "phone": "75939 44616", "email": "user123@gmail.com", "address_line_1": "ghjvgbnjk", "address_line_2": "swedrftgyhuji", "city": "Kozhikode", "state": "kerala", "country": "IN", "pincode": "673525", "order_note": "", "order_total": 1530.0, "tax": 30.0, "status": "New", "ip": "127.0.0.1", "is_ordered": false, "payment_method": "COD", "created_at": "2025-04-01T02:43:18.313Z", "updated_at": "2025-04-01T02:43:18.319Z", "coupon": null, "discount_amount": 0.0, "product_discount": 0.0, "delivery_charge": 0.0, "estimated_delivery_date": null, "tracking_number": null, "carrier": null, "refund_status": "Not Requested", "refund_reason": null, "refunded_at": null}}, {"model": "orders.order", "pk": 105, "fields": {"user": 1, "order_number": "20250401105", "first_name": "shafna", "last_name": "v k", "phone": "75939 44616", "email": "user123@gmail.com", "address_line_1": "ghjvgbnjk", "address_line_2": "swedrftgyhuji", "city": "Kozhikode", "state": "kerala", "country": "IN", "pincode": "673525", "order_note": "", "order_total": 1530.0, "tax": 30.0, "status": "New", "ip": "127.0.0.1", "is_ordered": false, "payment_method": "COD", "created_at": "2025-04-01T02:48:06.033Z", "updated_at": "2025-04-01T02:48:06.044Z", "coupon": null, "discount_amount": 0.0, "product_discount": 0.0, "delivery_charge": 0.0, "estimated_delivery_date": null, "tracking_number": null, "carrier": null, "refund_status": "Not Requested", "refund_reason": null, "refunded_at": null}}, {"model": "orders.order", "pk": 106, "fields": {"user": 1, "order_number": "20250401106", "first_name": "shafna", "last_name": "v k", "phone": "75939 44616", "email": "user123@gmail.com", "address_line_1": "ghjvgbnjk", "address_line_2": "swedrftgyhuji", "city": "Kozhikode", "state": "kerala", "country": "IN", "pincode": "673525", "order_note": "", "order_total": 1530.0, "tax": 30.0, "status": "New", "ip": "127.0.0.1", "is_ordered": false, "payment_method": "COD", "created_at": "2025-04-01T02:48:41.826Z", "updated_at": "2025-04-01T02:48:41.836Z", "coupon": null, "discount_amount": 0.0, "product_discount": 0.0, "delivery_charge": 0.0, "estimated_delivery_date": null, "tracking_number": null, "carrier": null, "refund_status": "Not Requested", "refund_reason": null, "refunded_at": null}}, {"model": "orders.order", "pk": 107, "fields": {"user": 1, "order_number": "20250401107", "first_name": "shafna", "last_name": "v k", "phone": "75939 44616", "email": "user123@gmail.com", "address_line_1": "ghjvgbnjk", "address_line_2": "swedrftgyhuji", "city": "Kozhikode", "state": "kerala", "country": "IN", "pincode": "673525", "order_note": "", "order_total": 1530.0, "tax": 30.0, "status": "New", "ip": "127.0.0.1", "is_ordered": false, "payment_method": "COD", "created_at": "2025-04-01T02:48:50.002Z", "updated_at": "2025-04-01T02:48:50.007Z", "coupon": null, "discount_amount": 0.0, "product_discount": 0.0, "delivery_charge": 0.0, "estimated_delivery_date": null, "tracking_number": null, "carrier": null, "refund_status": "Not Requested", "refund_reason": null, "refunded_at": null}}, {"model": "orders.order", "pk": 108, "fields": {"user": 1, "order_number": "20250401108", "first_name": "shafna", "last_name": "v k", "phone": "75939 44616", "email": "user123@gmail.com", "address_line_1": "ghjvgbnjk", "address_line_2": "swedrftgyhuji", "city": "Kozhikode", "state": "kerala", "country": "IN", "pincode": "673525", "order_note": "", "order_total": 1530.0, "tax": 30.0, "status": "New", "ip": "127.0.0.1", "is_ordered": false, "payment_method": "COD", "created_at": "2025-04-01T02:49:34.051Z", "updated_at": "2025-04-01T02:49:34.062Z", "coupon": null, "discount_amount": 0.0, "product_discount": 0.0, "delivery_charge": 0.0, "estimated_delivery_date": null, "tracking_number": null, "carrier": null, "refund_status": "Not Requested", "refund_reason": null, "refunded_at": null}}, {"model": "orders.order", "pk": 109, "fields": {"user": 1, "order_number": "20250401109", "first_name": "shafna", "last_name": "v k", "phone": "75939 44616", "email": "user123@gmail.com", "address_line_1": "ghjvgbnjk", "address_line_2": "swedrftgyhuji", "city": "Kozhikode", "state": "kerala", "country": "IN", "pincode": "673525", "order_note": "", "order_total": 1530.0, "tax": 30.0, "status": "New", "ip": "127.0.0.1", "is_ordered": false, "payment_method": "COD", "created_at": "2025-04-01T02:49:58.338Z", "updated_at": "2025-04-01T02:49:58.342Z", "coupon": null, "discount_amount": 0.0, "product_discount": 0.0, "delivery_charge": 0.0, "estimated_delivery_date": null, "tracking_number": null, "carrier": null, "refund_status": "Not Requested", "refund_reason": null, "refunded_at": null}}, {"model": "orders.order", "pk": 110, "fields": {"user": 1, "order_number": "20250401110", "first_name": "shafna", "last_name": "v k", "phone": "75939 44616", "email": "user123@gmail.com", "address_line_1": "ghjvgbnjk", "address_line_2": "swedrftgyhuji", "city": "Kozhikode", "state": "kerala", "country": "IN", "pincode": "673525", "order_note": "", "order_total": 1530.0, "tax": 30.0, "status": "New", "ip": "127.0.0.1", "is_ordered": false, "payment_method": "COD", "created_at": "2025-04-01T02:50:51.826Z", "updated_at": "2025-04-01T02:50:51.836Z", "coupon": null, "discount_amount": 0.0, "product_discount": 0.0, "delivery_charge": 0.0, "estimated_delivery_date": null, "tracking_number": null, "carrier": null, "refund_status": "Not Requested", "refund_reason": null, "refunded_at": null}}, {"model": "orders.order", "pk": 111, "fields": {"user": 1, "order_number": "20250401111", "first_name": "shafna", "last_name": "v k", "phone": "75939 44616", "email": "user123@gmail.com", "address_line_1": "ghjvgbnjk", "address_line_2": "swedrftgyhuji", "city": "Kozhikode", "state": "kerala", "country": "IN", "pincode": "673525", "order_note": "", "order_total": 1530.0, "tax": 30.0, "status": "New", "ip": "127.0.0.1", "is_ordered": false, "payment_method": "COD", "created_at": "2025-04-01T02:51:29.046Z", "updated_at": "2025-04-01T02:51:29.056Z", "coupon": null, "discount_amount": 0.0, "product_discount": 0.0, "delivery_charge": 0.0, "estimated_delivery_date": null, "tracking_number": null, "carrier": null, "refund_status": "Not Requested", "refund_reason": null, "refunded_at": null}}, {"model": "orders.order", "pk": 112, "fields": {"user": 1, "order_number": "20250401112", "first_name": "shafna", "last_name": "v k", "phone": "75939 44616", "email": "user123@gmail.com", "address_line_1": "ghjvgbnjk", "address_line_2": "swedrftgyhuji", "city": "Kozhikode", "state": "kerala", "country": "IN", "pincode": "673525", "order_note": "", "order_total": 1530.0, "tax": 30.0, "status": "New", "ip": "127.0.0.1", "is_ordered": false, "payment_method": "COD", "created_at": "2025-04-01T02:53:12.859Z", "updated_at": "2025-04-01T02:53:12.866Z", "coupon": null, "discount_amount": 0.0, "product_discount": 0.0, "delivery_charge": 0.0, "estimated_delivery_date": null, "tracking_number": null, "carrier": null, "refund_status": "Not Requested", "refund_reason": null, "refunded_at": null}}, {"model": "orders.order", "pk": 113, "fields": {"user": 1, "order_number": "20250401113", "first_name": "shafna", "last_name": "v k", "phone": "75939 44616", "email": "user123@gmail.com", "address_line_1": "ghjvgbnjk", "address_line_2": "swedrftgyhuji", "city": "Kozhikode", "state": "kerala", "country": "IN", "pincode": "673525", "order_note": "", "order_total": 1530.0, "tax": 30.0, "status": "New", "ip": "127.0.0.1", "is_ordered": true, "payment_method": "Wallet", "created_at": "2025-04-01T03:14:15.871Z", "updated_at": "2025-04-01T03:15:08.094Z", "coupon": null, "discount_amount": 0.0, "product_discount": 0.0, "delivery_charge": 0.0, "estimated_delivery_date": "2025-04-08", "tracking_number": null, "carrier": null, "refund_status": "Not Requested", "refund_reason": null, "refunded_at": null}}, {"model": "orders.order", "pk": 114, "fields": {"user": 1, "order_number": "20250401114", "first_name": "shafna", "last_name": "v k", "phone": "75939 44616", "email": "user123@gmail.com", "address_line_1": "ghjvgbnjk", "address_line_2": "swedrftgyhuji", "city": "Kozhikode", "state": "kerala", "country": "IN", "pincode": "673525", "order_note": "", "order_total": 1530.0, "tax": 30.0, "status": "New", "ip": "127.0.0.1", "is_ordered": false, "payment_method": "COD", "created_at": "2025-04-01T03:15:26.787Z", "updated_at": "2025-04-01T03:15:26.791Z", "coupon": null, "discount_amount": 0.0, "product_discount": 0.0, "delivery_charge": 0.0, "estimated_delivery_date": null, "tracking_number": null, "carrier": null, "refund_status": "Not Requested", "refund_reason": null, "refunded_at": null}}, {"model": "orders.order", "pk": 115, "fields": {"user": 1, "order_number": "20250401115", "first_name": "shafna", "last_name": "v k", "phone": "75939 44616", "email": "user123@gmail.com", "address_line_1": "ghjvgbnjk", "address_line_2": "swedrftgyhuji", "city": "Kozhikode", "state": "kerala", "country": "IN", "pincode": "673525", "order_note": "", "order_total": 1530.0, "tax": 30.0, "status": "New", "ip": "127.0.0.1", "is_ordered": true, "payment_method": "Wallet", "created_at": "2025-04-01T03:19:38.265Z", "updated_at": "2025-04-01T03:19:43.841Z", "coupon": null, "discount_amount": 0.0, "product_discount": 0.0, "delivery_charge": 0.0, "estimated_delivery_date": "2025-04-08", "tracking_number": null, "carrier": null, "refund_status": "Not Requested", "refund_reason": null, "refunded_at": null}}, {"model": "orders.order", "pk": 116, "fields": {"user": 1, "order_number": "20250401116", "first_name": "shafna", "last_name": "vk", "phone": "75939 44616", "email": "shafnavk70@gmail.com", "address_line_1": "asdfghn", "address_line_2": "asdfgbn", "city": "Kozhikode", "state": "KL", "country": "IN", "pincode": "673525", "order_note": "", "order_total": 9180.0, "tax": 180.0, "status": "Refunded", "ip": "127.0.0.1", "is_ordered": true, "payment_method": "COD", "created_at": "2025-04-01T04:14:05.497Z", "updated_at": "2025-04-01T04:28:32.095Z", "coupon": null, "discount_amount": 0.0, "product_discount": 0.0, "delivery_charge": 0.0, "estimated_delivery_date": "2025-04-08", "tracking_number": null, "carrier": null, "refund_status": "Completed", "refund_reason": "sdfghjkbhbhghgh", "refunded_at": "2025-04-01T04:28:32.095Z"}}, {"model": "orders.order", "pk": 117, "fields": {"user": 1, "order_number": "20250401117", "first_name": "shafna", "last_name": "v k", "phone": "75939 44616", "email": "user123@gmail.com", "address_line_1": "ghjvgbnjk", "address_line_2": "swedrftgyhuji", "city": "Kozhikode", "state": "kerala", "country": "IN", "pincode": "673525", "order_note": "", "order_total": 3060.0, "tax": 60.0, "status": "Delivered", "ip": "127.0.0.1", "is_ordered": false, "payment_method": "COD", "created_at": "2025-04-01T04:16:37.445Z", "updated_at": "2025-04-01T04:24:54.428Z", "coupon": null, "discount_amount": 0.0, "product_discount": 0.0, "delivery_charge": 0.0, "estimated_delivery_date": null, "tracking_number": null, "carrier": null, "refund_status": "Not Requested", "refund_reason": null, "refunded_at": null}}, {"model": "orders.order", "pk": 118, "fields": {"user": 1, "order_number": "20250401118", "first_name": "shafna", "last_name": "v k", "phone": "75939 44616", "email": "user123@gmail.com", "address_line_1": "ghjvgbnjk", "address_line_2": "swedrftgyhuji", "city": "Kozhikode", "state": "kerala", "country": "IN", "pincode": "673525", "order_note": "", "order_total": 3060.0, "tax": 60.0, "status": "Cancelled", "ip": "127.0.0.1", "is_ordered": true, "payment_method": "PayPal", "created_at": "2025-04-01T04:17:07.547Z", "updated_at": "2025-04-01T04:20:15.077Z", "coupon": null, "discount_amount": 0.0, "product_discount": 0.0, "delivery_charge": 0.0, "estimated_delivery_date": "2025-04-08", "tracking_number": null, "carrier": null, "refund_status": "Not Requested", "refund_reason": null, "refunded_at": null}}, {"model": "orders.order", "pk": 119, "fields": {"user": 1, "order_number": "20250402119", "first_name": "john", "last_name": "doe", "phone": "75939 44616", "email": "shafnavk70@gmail.com", "address_line_1": "ghjvgbnjk", "address_line_2": "swedrftgyhuji", "city": "Kozhikode", "state": "KL", "country": "IN", "pincode": "673525", "order_note": "", "order_total": 25500.0, "tax": 500.0, "status": "New", "ip": "127.0.0.1", "is_ordered": false, "payment_method": "COD", "created_at": "2025-04-02T13:41:12.422Z", "updated_at": "2025-04-02T13:41:12.435Z", "coupon": null, "discount_amount": 0.0, "product_discount": 0.0, "delivery_charge": 0.0, "estimated_delivery_date": null, "tracking_number": null, "carrier": null, "refund_status": "Not Requested", "refund_reason": null, "refunded_at": null}}, {"model": "orders.order", "pk": 120, "fields": {"user": 1, "order_number": "20250402120", "first_name": "shafna", "last_name": "v k", "phone": "75939 44616", "email": "user123@gmail.com", "address_line_1": "ghjvgbnjk", "address_line_2": "swedrftgyhuji", "city": "Kozhikode", "state": "kerala", "country": "IN", "pincode": "673525", "order_note": "", "order_total": 1530.0, "tax": 30.0, "status": "New", "ip": "127.0.0.1", "is_ordered": false, "payment_method": "COD", "created_at": "2025-04-02T13:42:02.271Z", "updated_at": "2025-04-02T13:42:02.276Z", "coupon": null, "discount_amount": 0.0, "product_discount": 0.0, "delivery_charge": 0.0, "estimated_delivery_date": null, "tracking_number": null, "carrier": null, "refund_status": "Not Requested", "refund_reason": null, "refunded_at": null}}, {"model": "orders.order", "pk": 121, "fields": {"user": 1, "order_number": "20250402121", "first_name": "shafna", "last_name": "v k", "phone": "75939 44616", "email": "user123@gmail.com", "address_line_1": "ghjvgbnjk", "address_line_2": "swedrftgyhuji", "city": "Kozhikode", "state": "kerala", "country": "IN", "pincode": "673525", "order_note": "", "order_total": 918.0, "tax": 18.0, "status": "New", "ip": "127.0.0.1", "is_ordered": false, "payment_method": "COD", "created_at": "2025-04-02T13:43:28.040Z", "updated_at": "2025-04-02T13:43:28.045Z", "coupon": null, "discount_amount": 0.0, "product_discount": 0.0, "delivery_charge": 0.0, "estimated_delivery_date": null, "tracking_number": null, "carrier": null, "refund_status": "Not Requested", "refund_reason": null, "refunded_at": null}}, {"model": "orders.order", "pk": 122, "fields": {"user": 1, "order_number": "20250402122", "first_name": "shafna", "last_name": "v k", "phone": "75939 44616", "email": "user123@gmail.com", "address_line_1": "ghjvgbnjk", "address_line_2": "swedrftgyhuji", "city": "Kozhikode", "state": "kerala", "country": "IN", "pincode": "673525", "order_note": "", "order_total": 918.0, "tax": 18.0, "status": "New", "ip": "127.0.0.1", "is_ordered": false, "payment_method": "COD", "created_at": "2025-04-02T13:51:21.458Z", "updated_at": "2025-04-02T13:51:21.465Z", "coupon": null, "discount_amount": 0.0, "product_discount": 0.0, "delivery_charge": 0.0, "estimated_delivery_date": null, "tracking_number": null, "carrier": null, "refund_status": "Not Requested", "refund_reason": null, "refunded_at": null}}, {"model": "orders.order", "pk": 123, "fields": {"user": 1, "order_number": "20250402123", "first_name": "shafna", "last_name": "v k", "phone": "75939 44616", "email": "user123@gmail.com", "address_line_1": "ghjvgbnjk", "address_line_2": "swedrftgyhuji", "city": "Kozhikode", "state": "kerala", "country": "IN", "pincode": "673525", "order_note": "", "order_total": 918.0, "tax": 18.0, "status": "New", "ip": "127.0.0.1", "is_ordered": false, "payment_method": "COD", "created_at": "2025-04-02T13:52:09.652Z", "updated_at": "2025-04-02T13:52:09.665Z", "coupon": null, "discount_amount": 0.0, "product_discount": 0.0, "delivery_charge": 0.0, "estimated_delivery_date": null, "tracking_number": null, "carrier": null, "refund_status": "Not Requested", "refund_reason": null, "refunded_at": null}}, {"model": "orders.order", "pk": 124, "fields": {"user": 1, "order_number": "20250402124", "first_name": "shafna", "last_name": "v k", "phone": "75939 44616", "email": "user123@gmail.com", "address_line_1": "ghjvgbnjk", "address_line_2": "swedrftgyhuji", "city": "Kozhikode", "state": "kerala", "country": "IN", "pincode": "673525", "order_note": "", "order_total": 918.0, "tax": 18.0, "status": "New", "ip": "127.0.0.1", "is_ordered": false, "payment_method": "COD", "created_at": "2025-04-02T13:52:41.377Z", "updated_at": "2025-04-02T13:52:41.394Z", "coupon": null, "discount_amount": 0.0, "product_discount": 0.0, "delivery_charge": 0.0, "estimated_delivery_date": null, "tracking_number": null, "carrier": null, "refund_status": "Not Requested", "refund_reason": null, "refunded_at": null}}, {"model": "orders.order", "pk": 125, "fields": {"user": 1, "order_number": "20250402125", "first_name": "shafna", "last_name": "v k", "phone": "75939 44616", "email": "user123@gmail.com", "address_line_1": "ghjvgbnjk", "address_line_2": "swedrftgyhuji", "city": "Kozhikode", "state": "kerala", "country": "IN", "pincode": "673525", "order_note": "", "order_total": 918.0, "tax": 18.0, "status": "Shipped", "ip": "127.0.0.1", "is_ordered": true, "payment_method": "Wallet", "created_at": "2025-04-02T13:53:13.120Z", "updated_at": "2025-04-19T01:02:43.616Z", "coupon": null, "discount_amount": 0.0, "product_discount": 0.0, "delivery_charge": 0.0, "estimated_delivery_date": "2025-04-09", "tracking_number": null, "carrier": null, "refund_status": "Not Requested", "refund_reason": null, "refunded_at": null}}, {"model": "orders.order", "pk": 126, "fields": {"user": 1, "order_number": "20250402126", "first_name": "shafna", "last_name": "v k", "phone": "75939 44616", "email": "user123@gmail.com", "address_line_1": "ghjvgbnjk", "address_line_2": "swedrftgyhuji", "city": "Kozhikode", "state": "kerala", "country": "IN", "pincode": "673525", "order_note": "", "order_total": 30600.0, "tax": 600.0, "status": "New", "ip": "127.0.0.1", "is_ordered": false, "payment_method": "COD", "created_at": "2025-04-02T13:59:11.442Z", "updated_at": "2025-04-02T13:59:11.447Z", "coupon": null, "discount_amount": 0.0, "product_discount": 0.0, "delivery_charge": 0.0, "estimated_delivery_date": null, "tracking_number": null, "carrier": null, "refund_status": "Not Requested", "refund_reason": null, "refunded_at": null}}, {"model": "orders.order", "pk": 127, "fields": {"user": 1, "order_number": "20250402127", "first_name": "shafna", "last_name": "v k", "phone": "75939 44616", "email": "user123@gmail.com", "address_line_1": "ghjvgbnjk", "address_line_2": "swedrftgyhuji", "city": "Kozhikode", "state": "kerala", "country": "IN", "pincode": "673525", "order_note": "", "order_total": 30600.0, "tax": 600.0, "status": "New", "ip": "127.0.0.1", "is_ordered": false, "payment_method": "COD", "created_at": "2025-04-02T14:12:44.455Z", "updated_at": "2025-04-02T14:12:44.466Z", "coupon": null, "discount_amount": 0.0, "product_discount": 0.0, "delivery_charge": 0.0, "estimated_delivery_date": null, "tracking_number": null, "carrier": null, "refund_status": "Not Requested", "refund_reason": null, "refunded_at": null}}, {"model": "orders.order", "pk": 128, "fields": {"user": 1, "order_number": "20250407128", "first_name": "shafna", "last_name": "v k", "phone": "75939 44616", "email": "user123@gmail.com", "address_line_1": "ghjvgbnjk", "address_line_2": "swedrftgyhuji", "city": "Kozhikode", "state": "kerala", "country": "IN", "pincode": "673525", "order_note": "", "order_total": 4490.0, "tax": 90.0, "status": "Processing", "ip": "127.0.0.1", "is_ordered": false, "payment_method": "COD", "created_at": "2025-04-06T21:51:43.497Z", "updated_at": "2025-04-06T23:42:55.009Z", "coupon": null, "discount_amount": 100.0, "product_discount": 0.0, "delivery_charge": 0.0, "estimated_delivery_date": null, "tracking_number": null, "carrier": null, "refund_status": "Not Requested", "refund_reason": null, "refunded_at": null}}, {"model": "orders.order", "pk": 129, "fields": {"user": 29, "order_number": "20250407129", "first_name": "shafna", "last_name": "v k", "phone": "75939 44616", "email": "shafnavk70@gmail.com", "address_line_1": "ghjvgbnjk", "address_line_2": "swedrftgyhuji", "city": "Kozhikode", "state": "kerala", "country": "IN", "pincode": "673525", "order_note": "", "order_total": 765.0, "tax": 15.0, "status": "New", "ip": "127.0.0.1", "is_ordered": false, "payment_method": "COD", "created_at": "2025-04-06T23:26:30.934Z", "updated_at": "2025-04-06T23:26:30.938Z", "coupon": null, "discount_amount": 0.0, "product_discount": 750.0, "delivery_charge": 0.0, "estimated_delivery_date": null, "tracking_number": null, "carrier": null, "refund_status": "Not Requested", "refund_reason": null, "refunded_at": null}}, {"model": "orders.order", "pk": 130, "fields": {"user": 29, "order_number": "20250407130", "first_name": "shafna", "last_name": "v k", "phone": "75939 44616", "email": "shafnavk70@gmail.com", "address_line_1": "ghjvgbnjk", "address_line_2": "swedrftgyhuji", "city": "Kozhikode", "state": "kerala", "country": "IN", "pincode": "673525", "order_note": "", "order_total": 665.0, "tax": 15.0, "status": "New", "ip": "127.0.0.1", "is_ordered": false, "payment_method": "COD", "created_at": "2025-04-06T23:27:28.277Z", "updated_at": "2025-04-06T23:27:28.283Z", "coupon": 8, "discount_amount": 100.0, "product_discount": 750.0, "delivery_charge": 0.0, "estimated_delivery_date": null, "tracking_number": null, "carrier": null, "refund_status": "Not Requested", "refund_reason": null, "refunded_at": null}}, {"model": "orders.order", "pk": 131, "fields": {"user": 29, "order_number": "20250407131", "first_name": "shafna", "last_name": "v k", "phone": "75939 44616", "email": "shafnavk70@gmail.com", "address_line_1": "ghjvgbnjk", "address_line_2": "swedrftgyhuji", "city": "Kozhikode", "state": "kerala", "country": "IN", "pincode": "673525", "order_note": "", "order_total": 765.0, "tax": 15.0, "status": "Processing", "ip": "127.0.0.1", "is_ordered": true, "payment_method": "COD", "created_at": "2025-04-06T23:28:26.108Z", "updated_at": "2025-04-06T23:31:53.499Z", "coupon": null, "discount_amount": 0.0, "product_discount": 750.0, "delivery_charge": 0.0, "estimated_delivery_date": "2025-04-14", "tracking_number": null, "carrier": null, "refund_status": "Not Requested", "refund_reason": null, "refunded_at": null}}, {"model": "orders.order", "pk": 132, "fields": {"user": 1, "order_number": "20250408132", "first_name": "shafna", "last_name": "v k", "phone": "75939 44616", "email": "user123@gmail.com", "address_line_1": "ghjvgbnjk", "address_line_2": "swedrftgyhuji", "city": "Kozhikode", "state": "kerala", "country": "IN", "pincode": "673525", "order_note": "", "order_total": 765.0, "tax": 15.0, "status": "New", "ip": "127.0.0.1", "is_ordered": false, "payment_method": "COD", "created_at": "2025-04-07T22:37:45.261Z", "updated_at": "2025-04-07T22:37:45.268Z", "coupon": null, "discount_amount": 0.0, "product_discount": 750.0, "delivery_charge": 0.0, "estimated_delivery_date": null, "tracking_number": null, "carrier": null, "refund_status": "Not Requested", "refund_reason": null, "refunded_at": null}}, {"model": "orders.order", "pk": 133, "fields": {"user": 1, "order_number": "20250408133", "first_name": "shafna", "last_name": "v k", "phone": "75939 44616", "email": "user123@gmail.com", "address_line_1": "ghjvgbnjk", "address_line_2": "swedrftgyhuji", "city": "Kozhikode", "state": "kerala", "country": "IN", "pincode": "673525", "order_note": "", "order_total": 765.0, "tax": 15.0, "status": "New", "ip": "127.0.0.1", "is_ordered": false, "payment_method": "COD", "created_at": "2025-04-07T22:38:27.224Z", "updated_at": "2025-04-07T22:38:27.234Z", "coupon": null, "discount_amount": 0.0, "product_discount": 750.0, "delivery_charge": 0.0, "estimated_delivery_date": null, "tracking_number": null, "carrier": null, "refund_status": "Not Requested", "refund_reason": null, "refunded_at": null}}, {"model": "orders.order", "pk": 134, "fields": {"user": 1, "order_number": "20250408134", "first_name": "shafna", "last_name": "v k", "phone": "75939 44616", "email": "user123@gmail.com", "address_line_1": "ghjvgbnjk", "address_line_2": "swedrftgyhuji", "city": "Kozhikode", "state": "kerala", "country": "IN", "pincode": "673525", "order_note": "", "order_total": 765.0, "tax": 15.0, "status": "New", "ip": "127.0.0.1", "is_ordered": false, "payment_method": "COD", "created_at": "2025-04-07T22:39:19.901Z", "updated_at": "2025-04-07T22:39:19.912Z", "coupon": null, "discount_amount": 0.0, "product_discount": 750.0, "delivery_charge": 0.0, "estimated_delivery_date": null, "tracking_number": null, "carrier": null, "refund_status": "Not Requested", "refund_reason": null, "refunded_at": null}}, {"model": "orders.order", "pk": 135, "fields": {"user": 1, "order_number": "20250408135", "first_name": "shafna", "last_name": "v k", "phone": "75939 44616", "email": "user123@gmail.com", "address_line_1": "ghjvgbnjk", "address_line_2": "swedrftgyhuji", "city": "Kozhikode", "state": "kerala", "country": "IN", "pincode": "673525", "order_note": "", "order_total": 765.0, "tax": 15.0, "status": "New", "ip": "127.0.0.1", "is_ordered": false, "payment_method": "COD", "created_at": "2025-04-07T22:47:32.587Z", "updated_at": "2025-04-07T22:47:32.595Z", "coupon": null, "discount_amount": 0.0, "product_discount": 750.0, "delivery_charge": 0.0, "estimated_delivery_date": null, "tracking_number": null, "carrier": null, "refund_status": "Not Requested", "refund_reason": null, "refunded_at": null}}, {"model": "orders.order", "pk": 136, "fields": {"user": 1, "order_number": "20250408136", "first_name": "shafna", "last_name": "v k", "phone": "75939 44616", "email": "user123@gmail.com", "address_line_1": "ghjvgbnjk", "address_line_2": "swedrftgyhuji", "city": "Kozhikode", "state": "kerala", "country": "IN", "pincode": "673525", "order_note": "", "order_total": 785.0, "tax": 15.0, "status": "Cancelled", "ip": "127.0.0.1", "is_ordered": true, "payment_method": "COD", "created_at": "2025-04-07T23:13:19.234Z", "updated_at": "2025-04-09T00:04:03.179Z", "coupon": null, "discount_amount": 0.0, "product_discount": 750.0, "delivery_charge": 20.0, "estimated_delivery_date": "2025-04-15", "tracking_number": null, "carrier": null, "refund_status": "Not Requested", "refund_reason": null, "refunded_at": null}}, {"model": "orders.order", "pk": 137, "fields": {"user": 1, "order_number": "20250408137", "first_name": "shafna", "last_name": "v k", "phone": "75939 44616", "email": "user123@gmail.com", "address_line_1": "ghjvgbnjk", "address_line_2": "swedrftgyhuji", "city": "Kozhikode", "state": "kerala", "country": "IN", "pincode": "673525", "order_note": "", "order_total": 785.0, "tax": 15.0, "status": "Refunded", "ip": "127.0.0.1", "is_ordered": true, "payment_method": "Wallet", "created_at": "2025-04-07T23:28:12.210Z", "updated_at": "2025-04-08T00:56:48.322Z", "coupon": null, "discount_amount": 0.0, "product_discount": 750.0, "delivery_charge": 20.0, "estimated_delivery_date": "2025-04-15", "tracking_number": null, "carrier": null, "refund_status": "Completed", "refund_reason": "zsxdcfvghj", "refunded_at": "2025-04-08T00:56:48.321Z"}}, {"model": "orders.order", "pk": 138, "fields": {"user": 1, "order_number": "20250408138", "first_name": "shafna", "last_name": "v k", "phone": "75939 44616", "email": "user123@gmail.com", "address_line_1": "ghjvgbnjk", "address_line_2": "swedrftgyhuji", "city": "Kozhikode", "state": "kerala", "country": "IN", "pincode": "673525", "order_note": "", "order_total": 785.0, "tax": 15.0, "status": "New", "ip": "127.0.0.1", "is_ordered": false, "payment_method": "COD", "created_at": "2025-04-07T23:32:43.582Z", "updated_at": "2025-04-07T23:32:43.586Z", "coupon": null, "discount_amount": 0.0, "product_discount": 750.0, "delivery_charge": 20.0, "estimated_delivery_date": null, "tracking_number": null, "carrier": null, "refund_status": "Not Requested", "refund_reason": null, "refunded_at": null}}, {"model": "orders.order", "pk": 139, "fields": {"user": 1, "order_number": "20250408139", "first_name": "shafna", "last_name": "v k", "phone": "75939 44616", "email": "user123@gmail.com", "address_line_1": "ghjvgbnjk", "address_line_2": "swedrftgyhuji", "city": "Kozhikode", "state": "kerala", "country": "IN", "pincode": "673525", "order_note": "", "order_total": 765.0, "tax": 15.0, "status": "New", "ip": "127.0.0.1", "is_ordered": false, "payment_method": "COD", "created_at": "2025-04-07T23:34:02.748Z", "updated_at": "2025-04-07T23:34:02.758Z", "coupon": null, "discount_amount": 0.0, "product_discount": 750.0, "delivery_charge": 0.0, "estimated_delivery_date": null, "tracking_number": null, "carrier": null, "refund_status": "Not Requested", "refund_reason": null, "refunded_at": null}}, {"model": "orders.order", "pk": 140, "fields": {"user": 1, "order_number": "20250408140", "first_name": "shafna", "last_name": "v k", "phone": "75939 44616", "email": "user123@gmail.com", "address_line_1": "ghjvgbnjk", "address_line_2": "swedrftgyhuji", "city": "Kozhikode", "state": "kerala", "country": "IN", "pincode": "673525", "order_note": "", "order_total": 765.0, "tax": 15.0, "status": "New", "ip": "127.0.0.1", "is_ordered": false, "payment_method": "COD", "created_at": "2025-04-07T23:34:21.842Z", "updated_at": "2025-04-07T23:34:21.846Z", "coupon": null, "discount_amount": 0.0, "product_discount": 750.0, "delivery_charge": 0.0, "estimated_delivery_date": null, "tracking_number": null, "carrier": null, "refund_status": "Not Requested", "refund_reason": null, "refunded_at": null}}, {"model": "orders.order", "pk": 141, "fields": {"user": 1, "order_number": "20250408141", "first_name": "shafna", "last_name": "v k", "phone": "75939 44616", "email": "user123@gmail.com", "address_line_1": "ghjvgbnjk", "address_line_2": "swedrftgyhuji", "city": "Kozhikode", "state": "kerala", "country": "IN", "pincode": "673525", "order_note": "", "order_total": 765.0, "tax": 15.0, "status": "New", "ip": "127.0.0.1", "is_ordered": false, "payment_method": "COD", "created_at": "2025-04-07T23:38:25.406Z", "updated_at": "2025-04-07T23:38:25.414Z", "coupon": null, "discount_amount": 0.0, "product_discount": 750.0, "delivery_charge": 0.0, "estimated_delivery_date": null, "tracking_number": null, "carrier": null, "refund_status": "Not Requested", "refund_reason": null, "refunded_at": null}}, {"model": "orders.order", "pk": 142, "fields": {"user": 1, "order_number": "20250408142", "first_name": "shafna", "last_name": "v k", "phone": "75939 44616", "email": "user123@gmail.com", "address_line_1": "ghjvgbnjk", "address_line_2": "swedrftgyhuji", "city": "Kozhikode", "state": "kerala", "country": "IN", "pincode": "673525", "order_note": "", "order_total": 765.0, "tax": 15.0, "status": "New", "ip": "127.0.0.1", "is_ordered": false, "payment_method": "COD", "created_at": "2025-04-07T23:47:29.609Z", "updated_at": "2025-04-07T23:47:29.618Z", "coupon": null, "discount_amount": 0.0, "product_discount": 750.0, "delivery_charge": 0.0, "estimated_delivery_date": null, "tracking_number": null, "carrier": null, "refund_status": "Not Requested", "refund_reason": null, "refunded_at": null}}, {"model": "orders.order", "pk": 143, "fields": {"user": 1, "order_number": "20250408143", "first_name": "shafna", "last_name": "v k", "phone": "75939 44616", "email": "user123@gmail.com", "address_line_1": "ghjvgbnjk", "address_line_2": "swedrftgyhuji", "city": "Kozhikode", "state": "kerala", "country": "IN", "pincode": "673525", "order_note": "", "order_total": 765.0, "tax": 15.0, "status": "New", "ip": "127.0.0.1", "is_ordered": false, "payment_method": "COD", "created_at": "2025-04-07T23:52:20.123Z", "updated_at": "2025-04-07T23:52:20.132Z", "coupon": null, "discount_amount": 0.0, "product_discount": 750.0, "delivery_charge": 0.0, "estimated_delivery_date": null, "tracking_number": null, "carrier": null, "refund_status": "Not Requested", "refund_reason": null, "refunded_at": null}}, {"model": "orders.order", "pk": 144, "fields": {"user": 1, "order_number": "20250408144", "first_name": "shafna", "last_name": "v k", "phone": "75939 44616", "email": "user123@gmail.com", "address_line_1": "ghjvgbnjk", "address_line_2": "swedrftgyhuji", "city": "Kozhikode", "state": "kerala", "country": "IN", "pincode": "673525", "order_note": "", "order_total": 765.0, "tax": 15.0, "status": "New", "ip": "127.0.0.1", "is_ordered": false, "payment_method": "COD", "created_at": "2025-04-07T23:57:40.073Z", "updated_at": "2025-04-07T23:57:40.082Z", "coupon": null, "discount_amount": 0.0, "product_discount": 750.0, "delivery_charge": 0.0, "estimated_delivery_date": null, "tracking_number": null, "carrier": null, "refund_status": "Not Requested", "refund_reason": null, "refunded_at": null}}, {"model": "orders.order", "pk": 145, "fields": {"user": 1, "order_number": "20250408145", "first_name": "shafna", "last_name": "v k", "phone": "75939 44616", "email": "user123@gmail.com", "address_line_1": "ghjvgbnjk", "address_line_2": "swedrftgyhuji", "city": "Kozhikode", "state": "kerala", "country": "IN", "pincode": "673525", "order_note": "", "order_total": 3442.5, "tax": 67.5, "status": "New", "ip": "127.0.0.1", "is_ordered": false, "payment_method": "COD", "created_at": "2025-04-08T00:00:48.334Z", "updated_at": "2025-04-08T00:00:48.338Z", "coupon": null, "discount_amount": 0.0, "product_discount": 375.0, "delivery_charge": 0.0, "estimated_delivery_date": null, "tracking_number": null, "carrier": null, "refund_status": "Not Requested", "refund_reason": null, "refunded_at": null}}, {"model": "orders.order", "pk": 146, "fields": {"user": 1, "order_number": "20250408146", "first_name": "shafna", "last_name": "v k", "phone": "75939 44616", "email": "user123@gmail.com", "address_line_1": "ghjvgbnjk", "address_line_2": "swedrftgyhuji", "city": "Kozhikode", "state": "kerala", "country": "IN", "pincode": "673525", "order_note": "", "order_total": 3442.5, "tax": 67.5, "status": "New", "ip": "127.0.0.1", "is_ordered": false, "payment_method": "COD", "created_at": "2025-04-08T00:50:00.088Z", "updated_at": "2025-04-08T00:50:00.095Z", "coupon": null, "discount_amount": 0.0, "product_discount": 375.0, "delivery_charge": 0.0, "estimated_delivery_date": null, "tracking_number": null, "carrier": null, "refund_status": "Not Requested", "refund_reason": null, "refunded_at": null}}, {"model": "orders.order", "pk": 147, "fields": {"user": 1, "order_number": "20250408147", "first_name": "shafna", "last_name": "v k", "phone": "75939 44616", "email": "user123@gmail.com", "address_line_1": "ghjvgbnjk", "address_line_2": "swedrftgyhuji", "city": "Kozhikode", "state": "kerala", "country": "IN", "pincode": "673525", "order_note": "", "order_total": 3442.5, "tax": 67.5, "status": "New", "ip": "127.0.0.1", "is_ordered": false, "payment_method": "COD", "created_at": "2025-04-08T00:50:10.090Z", "updated_at": "2025-04-08T00:50:10.099Z", "coupon": null, "discount_amount": 0.0, "product_discount": 375.0, "delivery_charge": 0.0, "estimated_delivery_date": null, "tracking_number": null, "carrier": null, "refund_status": "Not Requested", "refund_reason": null, "refunded_at": null}}, {"model": "orders.order", "pk": 148, "fields": {"user": 1, "order_number": "20250409148", "first_name": "shafna", "last_name": "v k", "phone": "75939 44616", "email": "user123@gmail.com", "address_line_1": "ghjvgbnjk", "address_line_2": "swedrftgyhuji", "city": "Kozhikode", "state": "kerala", "country": "IN", "pincode": "673525", "order_note": "", "order_total": 402.5, "tax": 7.5, "status": "New", "ip": "127.0.0.1", "is_ordered": false, "payment_method": "COD", "created_at": "2025-04-09T00:05:12.780Z", "updated_at": "2025-04-09T00:05:12.783Z", "coupon": null, "discount_amount": 0.0, "product_discount": 375.0, "delivery_charge": 20.0, "estimated_delivery_date": null, "tracking_number": null, "carrier": null, "refund_status": "Not Requested", "refund_reason": null, "refunded_at": null}}, {"model": "orders.order", "pk": 149, "fields": {"user": 1, "order_number": "20250409149", "first_name": "shafna", "last_name": "v k", "phone": "75939 44616", "email": "user123@gmail.com", "address_line_1": "ghjvgbnjk", "address_line_2": "swedrftgyhuji", "city": "Kozhikode", "state": "kerala", "country": "IN", "pincode": "673525", "order_note": "", "order_total": 402.5, "tax": 7.5, "status": "Cancelled", "ip": "127.0.0.1", "is_ordered": true, "payment_method": "PayPal", "created_at": "2025-04-09T00:05:35.935Z", "updated_at": "2025-04-09T00:18:36.168Z", "coupon": null, "discount_amount": 0.0, "product_discount": 375.0, "delivery_charge": 20.0, "estimated_delivery_date": "2025-04-16", "tracking_number": null, "carrier": null, "refund_status": "Not Requested", "refund_reason": null, "refunded_at": null}}, {"model": "orders.order", "pk": 150, "fields": {"user": 66, "order_number": "", "first_name": "zaim", "last_name": "mrm", "phone": "75939 44616", "email": "zaim1234@gmail.com", "address_line_1": "xdcfvghbjnk", "address_line_2": "fghjk", "city": "Kozhikode", "state": "KL", "country": "IN", "pincode": "673525", "order_note": "", "order_total": 1402.5, "tax": 27.5, "status": "New", "ip": "127.0.0.1", "is_ordered": false, "payment_method": "COD", "created_at": "2025-04-10T05:16:48.376Z", "updated_at": "2025-04-10T05:16:48.376Z", "coupon": null, "discount_amount": 0.0, "product_discount": 375.0, "delivery_charge": 0.0, "estimated_delivery_date": null, "tracking_number": null, "carrier": null, "refund_status": "Not Requested", "refund_reason": null, "refunded_at": null}}, {"model": "orders.order", "pk": 151, "fields": {"user": 66, "order_number": "", "first_name": "zaim", "last_name": "aibak", "phone": "75939 44616", "email": "shafnavk70@gmail.com", "address_line_1": "dxfcgvhbjnkm", "address_line_2": "xdfcgvhbjn", "city": "Kozhikode", "state": "KL", "country": "IN", "pincode": "673525", "order_note": "", "order_total": 1402.5, "tax": 27.5, "status": "New", "ip": "127.0.0.1", "is_ordered": false, "payment_method": "COD", "created_at": "2025-04-10T05:19:30.053Z", "updated_at": "2025-04-10T05:19:30.053Z", "coupon": null, "discount_amount": 0.0, "product_discount": 375.0, "delivery_charge": 0.0, "estimated_delivery_date": null, "tracking_number": null, "carrier": null, "refund_status": "Not Requested", "refund_reason": null, "refunded_at": null}}, {"model": "orders.order", "pk": 152, "fields": {"user": 29, "order_number": "20250410152", "first_name": "shafna", "last_name": "v k", "phone": "75939 44616", "email": "shafnavk70@gmail.com", "address_line_1": "ghjvgbnjk", "address_line_2": "swedrftgyhuji", "city": "Kozhikode", "state": "kerala", "country": "IN", "pincode": "673525", "order_note": "", "order_total": 912.5, "tax": 17.5, "status": "New", "ip": "127.0.0.1", "is_ordered": false, "payment_method": "COD", "created_at": "2025-04-10T05:20:27.789Z", "updated_at": "2025-04-10T05:20:27.791Z", "coupon": null, "discount_amount": 0.0, "product_discount": 375.0, "delivery_charge": 20.0, "estimated_delivery_date": null, "tracking_number": null, "carrier": null, "refund_status": "Not Requested", "refund_reason": null, "refunded_at": null}}, {"model": "orders.order", "pk": 153, "fields": {"user": 29, "order_number": "20250410153", "first_name": "shafna", "last_name": "v k", "phone": "75939 44616", "email": "shafnavk70@gmail.com", "address_line_1": "ghjvgbnjk", "address_line_2": "swedrftgyhuji", "city": "Kozhikode", "state": "kerala", "country": "IN", "pincode": "673525", "order_note": "", "order_total": 912.5, "tax": 17.5, "status": "New", "ip": "127.0.0.1", "is_ordered": false, "payment_method": "COD", "created_at": "2025-04-10T05:22:05.561Z", "updated_at": "2025-04-10T05:22:05.572Z", "coupon": null, "discount_amount": 0.0, "product_discount": 375.0, "delivery_charge": 20.0, "estimated_delivery_date": null, "tracking_number": null, "carrier": null, "refund_status": "Not Requested", "refund_reason": null, "refunded_at": null}}, {"model": "orders.order", "pk": 154, "fields": {"user": 29, "order_number": "20250410154", "first_name": "shafna", "last_name": "v k", "phone": "75939 44616", "email": "shafnavk70@gmail.com", "address_line_1": "ghjvgbnjk", "address_line_2": "swedrftgyhuji", "city": "Kozhikode", "state": "kerala", "country": "IN", "pincode": "673525", "order_note": "", "order_total": 892.5, "tax": 17.5, "status": "Refunded", "ip": "127.0.0.1", "is_ordered": true, "payment_method": "PayPal", "created_at": "2025-04-10T05:22:45.133Z", "updated_at": "2025-04-10T05:29:02.107Z", "coupon": null, "discount_amount": 0.0, "product_discount": 375.0, "delivery_charge": 0.0, "estimated_delivery_date": "2025-04-17", "tracking_number": null, "carrier": null, "refund_status": "Completed", "refund_reason": "xdcfgvhbjn", "refunded_at": "2025-04-10T05:29:02.107Z"}}, {"model": "orders.order", "pk": 155, "fields": {"user": 29, "order_number": "20250410155", "first_name": "shafna", "last_name": "v k", "phone": "75939 44616", "email": "shafnavk70@gmail.com", "address_line_1": "ghjvgbnjk", "address_line_2": "swedrftgyhuji", "city": "Kozhikode", "state": "kerala", "country": "IN", "pincode": "673525", "order_note": "", "order_total": 530.0, "tax": 10.0, "status": "New", "ip": "127.0.0.1", "is_ordered": true, "payment_method": "Wallet", "created_at": "2025-04-10T05:29:38.088Z", "updated_at": "2025-04-10T05:29:43.142Z", "coupon": null, "discount_amount": 0.0, "product_discount": 0.0, "delivery_charge": 20.0, "estimated_delivery_date": "2025-04-17", "tracking_number": null, "carrier": null, "refund_status": "Not Requested", "refund_reason": null, "refunded_at": null}}, {"model": "orders.order", "pk": 156, "fields": {"user": 29, "order_number": "", "first_name": "shafna", "last_name": "vk", "phone": "75939 44616", "email": "shafnavk70@gmail.com", "address_line_1": "ghjvgbnjk", "address_line_2": "swedrftgyhuji", "city": "Kozhikode", "state": "KL", "country": "IN", "pincode": "673525", "order_note": "", "order_total": 402.5, "tax": 7.5, "status": "New", "ip": "127.0.0.1", "is_ordered": false, "payment_method": "COD", "created_at": "2025-04-14T23:15:31.790Z", "updated_at": "2025-04-14T23:15:31.790Z", "coupon": null, "discount_amount": 0.0, "product_discount": 375.0, "delivery_charge": 20.0, "estimated_delivery_date": null, "tracking_number": null, "carrier": null, "refund_status": "Not Requested", "refund_reason": null, "refunded_at": null}}, {"model": "orders.order", "pk": 157, "fields": {"user": 29, "order_number": "20250415157", "first_name": "shafna", "last_name": "vk", "phone": "75939 44616", "email": "shafnavk70@gmail.com", "address_line_1": "ghjvgbnjk", "address_line_2": "swedrftgyhuji", "city": "Kozhikode", "state": "KL", "country": "IN", "pincode": "673525", "order_note": "", "order_total": 402.5, "tax": 7.5, "status": "New", "ip": "127.0.0.1", "is_ordered": false, "payment_method": "COD", "created_at": "2025-04-14T23:18:46.495Z", "updated_at": "2025-04-14T23:18:46.508Z", "coupon": null, "discount_amount": 0.0, "product_discount": 375.0, "delivery_charge": 20.0, "estimated_delivery_date": null, "tracking_number": null, "carrier": null, "refund_status": "Not Requested", "refund_reason": null, "refunded_at": null}}, {"model": "orders.order", "pk": 158, "fields": {"user": 29, "order_number": "20250415158", "first_name": "rafi", "last_name": "mrm", "phone": "75939 44616", "email": "shafnavk70@gmail.com", "address_line_1": "ghjvgbnjk", "address_line_2": "swedrftgyhuji", "city": "Kozhikode", "state": "KL", "country": "IN", "pincode": "673525", "order_note": "", "order_total": 402.5, "tax": 7.5, "status": "New", "ip": "127.0.0.1", "is_ordered": false, "payment_method": "COD", "created_at": "2025-04-14T23:19:53.631Z", "updated_at": "2025-04-14T23:19:53.636Z", "coupon": null, "discount_amount": 0.0, "product_discount": 375.0, "delivery_charge": 20.0, "estimated_delivery_date": null, "tracking_number": null, "carrier": null, "refund_status": "Not Requested", "refund_reason": null, "refunded_at": null}}, {"model": "orders.order", "pk": 159, "fields": {"user": 29, "order_number": "20250415159", "first_name": "shafna", "last_name": "v k", "phone": "75939 44616", "email": "shafnavk70@gmail.com", "address_line_1": "ghjvgbnjk", "address_line_2": "swedrftgyhuji", "city": "Kozhikode", "state": "kerala", "country": "IN", "pincode": "673525", "order_note": "", "order_total": 2222.5, "tax": 47.5, "status": "New", "ip": "127.0.0.1", "is_ordered": false, "payment_method": "COD", "created_at": "2025-04-14T23:46:41.122Z", "updated_at": "2025-04-14T23:46:41.129Z", "coupon": 7, "discount_amount": 200.0, "product_discount": 375.0, "delivery_charge": 0.0, "estimated_delivery_date": null, "tracking_number": null, "carrier": null, "refund_status": "Not Requested", "refund_reason": null, "refunded_at": null}}, {"model": "orders.order", "pk": 160, "fields": {"user": 29, "order_number": "20250415160", "first_name": "shafna", "last_name": "v k", "phone": "75939 44616", "email": "shafnavk70@gmail.com", "address_line_1": "ghjvgbnjk", "address_line_2": "swedrftgyhuji", "city": "Kozhikode", "state": "kerala", "country": "IN", "pincode": "673525", "order_note": "", "order_total": 2422.5, "tax": 47.5, "status": "Delivered", "ip": "127.0.0.1", "is_ordered": true, "payment_method": "PayPal", "created_at": "2025-04-14T23:47:43.010Z", "updated_at": "2025-04-14T23:54:17.420Z", "coupon": null, "discount_amount": 0.0, "product_discount": 375.0, "delivery_charge": 0.0, "estimated_delivery_date": "2025-04-22", "tracking_number": null, "carrier": null, "refund_status": "Pending", "refund_reason": null, "refunded_at": null}}, {"model": "orders.order", "pk": 161, "fields": {"user": 1, "order_number": "20250419161", "first_name": "Shafna", "last_name": "k", "phone": "07593944616", "email": "shafnavk70@gmail.com", "address_line_1": "vadankulangara(ho), Kayanna Bazar(po)", "address_line_2": "perambra (via)", "city": "Kozhikode", "state": "KL", "country": "IN", "pincode": "673525", "order_note": "", "order_total": 2350.0, "tax": 50.0, "status": "New", "ip": "127.0.0.1", "is_ordered": false, "payment_method": "COD", "created_at": "2025-04-19T00:56:47.849Z", "updated_at": "2025-04-19T00:56:47.856Z", "coupon": 13, "discount_amount": 200.0, "product_discount": 0.0, "delivery_charge": 0.0, "estimated_delivery_date": null, "tracking_number": null, "carrier": null, "refund_status": "Not Requested", "refund_reason": null, "refunded_at": null}}, {"model": "orders.order", "pk": 162, "fields": {"user": 1, "order_number": "20250419162", "first_name": "shafna", "last_name": "v k", "phone": "75939 44616", "email": "user123@gmail.com", "address_line_1": "ghjvgbnjk", "address_line_2": "swedrftgyhuji", "city": "Kozhikode", "state": "kerala", "country": "IN", "pincode": "673525", "order_note": "", "order_total": 2550.0, "tax": 50.0, "status": "Delivered", "ip": "127.0.0.1", "is_ordered": false, "payment_method": "COD", "created_at": "2025-04-19T00:57:28.835Z", "updated_at": "2025-04-19T01:02:17.131Z", "coupon": null, "discount_amount": 0.0, "product_discount": 0.0, "delivery_charge": 0.0, "estimated_delivery_date": null, "tracking_number": null, "carrier": null, "refund_status": "Not Requested", "refund_reason": null, "refunded_at": null}}, {"model": "orders.order", "pk": 163, "fields": {"user": 1, "order_number": "20250419163", "first_name": "shafna", "last_name": "v k", "phone": "75939 44616", "email": "user123@gmail.com", "address_line_1": "ghjvgbnjk", "address_line_2": "swedrftgyhuji", "city": "Kozhikode", "state": "kerala", "country": "IN", "pincode": "673525", "order_note": "", "order_total": 912.5, "tax": 17.5, "status": "New", "ip": "127.0.0.1", "is_ordered": true, "payment_method": "PayPal", "created_at": "2025-04-19T01:03:17.392Z", "updated_at": "2025-04-19T01:03:31.037Z", "coupon": null, "discount_amount": 0.0, "product_discount": 375.0, "delivery_charge": 20.0, "estimated_delivery_date": "2025-04-26", "tracking_number": null, "carrier": null, "refund_status": "Not Requested", "refund_reason": null, "refunded_at": null}}, {"model": "orders.order", "pk": 164, "fields": {"user": 29, "order_number": "20250424164", "first_name": "Shafna", "last_name": "k", "phone": "07593944616", "email": "shafnavk70@gmail.com", "address_line_1": "vadankulangara(ho), Kayanna Bazar(po)", "address_line_2": "perambra (via)", "city": "Kozhikode", "state": "KL", "country": "IN", "pincode": "673525", "order_note": "", "order_total": 2677.5, "tax": 52.5, "status": "New", "ip": "127.0.0.1", "is_ordered": false, "payment_method": "COD", "created_at": "2025-04-23T22:53:51.275Z", "updated_at": "2025-04-23T22:53:51.279Z", "coupon": null, "discount_amount": 0.0, "product_discount": 1125.0, "delivery_charge": 0.0, "estimated_delivery_date": null, "tracking_number": null, "carrier": null, "refund_status": "Not Requested", "refund_reason": null, "refunded_at": null}}, {"model": "orders.order", "pk": 165, "fields": {"user": 29, "order_number": "20250424165", "first_name": "shafna", "last_name": "v k", "phone": "75939 44616", "email": "shafnavk70@gmail.com", "address_line_1": "ghjvgbnjk", "address_line_2": "swedrftgyhuji", "city": "Kozhikode", "state": "kerala", "country": "IN", "pincode": "673525", "order_note": "", "order_total": 2577.5, "tax": 52.5, "status": "New", "ip": "127.0.0.1", "is_ordered": false, "payment_method": "COD", "created_at": "2025-04-23T22:54:27.165Z", "updated_at": "2025-04-23T22:54:27.169Z", "coupon": 14, "discount_amount": 100.0, "product_discount": 1125.0, "delivery_charge": 0.0, "estimated_delivery_date": null, "tracking_number": null, "carrier": null, "refund_status": "Not Requested", "refund_reason": null, "refunded_at": null}}, {"model": "orders.order", "pk": 166, "fields": {"user": 29, "order_number": "20250424166", "first_name": "shafna", "last_name": "v k", "phone": "75939 44616", "email": "shafnavk70@gmail.com", "address_line_1": "ghjvgbnjk", "address_line_2": "swedrftgyhuji", "city": "Kozhikode", "state": "kerala", "country": "IN", "pincode": "673525", "order_note": "", "order_total": 2677.5, "tax": 52.5, "status": "New", "ip": "127.0.0.1", "is_ordered": false, "payment_method": "COD", "created_at": "2025-04-23T22:55:09.364Z", "updated_at": "2025-04-23T22:55:09.370Z", "coupon": null, "discount_amount": 0.0, "product_discount": 1125.0, "delivery_charge": 0.0, "estimated_delivery_date": null, "tracking_number": null, "carrier": null, "refund_status": "Not Requested", "refund_reason": null, "refunded_at": null}}, {"model": "orders.order", "pk": 167, "fields": {"user": 29, "order_number": "20250424167", "first_name": "shafna", "last_name": "v k", "phone": "75939 44616", "email": "shafnavk70@gmail.com", "address_line_1": "ghjvgbnjk", "address_line_2": "swedrftgyhuji", "city": "Kozhikode", "state": "kerala", "country": "IN", "pincode": "673525", "order_note": "", "order_total": 2677.5, "tax": 52.5, "status": "New", "ip": "127.0.0.1", "is_ordered": true, "payment_method": "PayPal", "created_at": "2025-04-23T22:55:31.957Z", "updated_at": "2025-04-23T22:55:48.705Z", "coupon": null, "discount_amount": 0.0, "product_discount": 1125.0, "delivery_charge": 0.0, "estimated_delivery_date": "2025-05-01", "tracking_number": null, "carrier": null, "refund_status": "Not Requested", "refund_reason": null, "refunded_at": null}}, {"model": "orders.orderproduct", "pk": 1, "fields": {"order": 1, "user": 29, "product": 31, "quantity": 1, "product_price": 1500.0, "original_price": 0.0, "ordered": true, "created_at": "2025-03-09T22:23:00.438Z", "updated_at": "2025-03-09T22:23:00.438Z"}}, {"model": "orders.orderproduct", "pk": 2, "fields": {"order": 2, "user": 29, "product": 30, "quantity": 1, "product_price": 15000.0, "original_price": 0.0, "ordered": true, "created_at": "2025-03-09T22:26:29.848Z", "updated_at": "2025-03-09T22:26:29.848Z"}}, {"model": "orders.orderproduct", "pk": 3, "fields": {"order": 3, "user": 29, "product": 30, "quantity": 1, "product_price": 15000.0, "original_price": 0.0, "ordered": true, "created_at": "2025-03-09T22:29:32.722Z", "updated_at": "2025-03-09T22:29:32.722Z"}}, {"model": "orders.orderproduct", "pk": 4, "fields": {"order": 6, "user": 29, "product": 25, "quantity": 1, "product_price": 50000.0, "original_price": 0.0, "ordered": true, "created_at": "2025-03-10T01:12:24.725Z", "updated_at": "2025-03-10T01:12:24.725Z"}}, {"model": "orders.orderproduct", "pk": 5, "fields": {"order": 7, "user": 29, "product": 16, "quantity": 1, "product_price": 2000.0, "original_price": 0.0, "ordered": true, "created_at": "2025-03-10T18:50:10.031Z", "updated_at": "2025-03-10T18:50:10.031Z"}}, {"model": "orders.orderproduct", "pk": 6, "fields": {"order": 16, "user": 29, "product": 26, "quantity": 1, "product_price": 25000.0, "original_price": 0.0, "ordered": true, "created_at": "2025-03-10T19:17:11.796Z", "updated_at": "2025-03-10T19:17:11.796Z"}}, {"model": "orders.orderproduct", "pk": 7, "fields": {"order": 17, "user": 1, "product": 30, "quantity": 1, "product_price": 15000.0, "original_price": 0.0, "ordered": true, "created_at": "2025-03-11T19:05:27.170Z", "updated_at": "2025-03-11T19:05:27.170Z"}}, {"model": "orders.orderproduct", "pk": 8, "fields": {"order": 18, "user": 29, "product": 9, "quantity": 1, "product_price": 2100.0, "original_price": 0.0, "ordered": true, "created_at": "2025-03-11T21:59:30.061Z", "updated_at": "2025-03-11T21:59:30.061Z"}}, {"model": "orders.orderproduct", "pk": 9, "fields": {"order": 19, "user": 29, "product": 16, "quantity": 5, "product_price": 2000.0, "original_price": 0.0, "ordered": true, "created_at": "2025-03-12T18:44:41.959Z", "updated_at": "2025-03-12T18:44:41.959Z"}}, {"model": "orders.orderproduct", "pk": 10, "fields": {"order": 19, "user": 29, "product": 19, "quantity": 1, "product_price": 1000.0, "original_price": 0.0, "ordered": true, "created_at": "2025-03-12T18:44:41.964Z", "updated_at": "2025-03-12T18:44:41.964Z"}}, {"model": "orders.orderproduct", "pk": 11, "fields": {"order": 20, "user": 38, "product": 19, "quantity": 1, "product_price": 1000.0, "original_price": 0.0, "ordered": true, "created_at": "2025-03-12T18:50:01.099Z", "updated_at": "2025-03-12T18:50:01.099Z"}}, {"model": "orders.orderproduct", "pk": 12, "fields": {"order": 21, "user": 38, "product": 30, "quantity": 1, "product_price": 15000.0, "original_price": 0.0, "ordered": true, "created_at": "2025-03-12T19:00:17.070Z", "updated_at": "2025-03-12T19:00:17.070Z"}}, {"model": "orders.orderproduct", "pk": 13, "fields": {"order": 22, "user": 38, "product": 30, "quantity": 1, "product_price": 15000.0, "original_price": 0.0, "ordered": true, "created_at": "2025-03-12T19:01:43.335Z", "updated_at": "2025-03-12T19:01:43.335Z"}}, {"model": "orders.orderproduct", "pk": 14, "fields": {"order": 23, "user": 38, "product": 25, "quantity": 1, "product_price": 50000.0, "original_price": 0.0, "ordered": true, "created_at": "2025-03-12T22:00:20.614Z", "updated_at": "2025-03-12T22:00:20.614Z"}}, {"model": "orders.orderproduct", "pk": 15, "fields": {"order": 25, "user": 38, "product": 25, "quantity": 1, "product_price": 50000.0, "original_price": 0.0, "ordered": true, "created_at": "2025-03-12T22:25:45.029Z", "updated_at": "2025-03-12T22:25:45.029Z"}}, {"model": "orders.orderproduct", "pk": 16, "fields": {"order": 26, "user": 38, "product": 31, "quantity": 1, "product_price": 1500.0, "original_price": 0.0, "ordered": true, "created_at": "2025-03-12T22:32:05.215Z", "updated_at": "2025-03-12T22:32:05.215Z"}}, {"model": "orders.orderproduct", "pk": 17, "fields": {"order": 27, "user": 38, "product": 25, "quantity": 1, "product_price": 50000.0, "original_price": 0.0, "ordered": true, "created_at": "2025-03-12T22:33:42.907Z", "updated_at": "2025-03-12T22:33:42.907Z"}}, {"model": "orders.orderproduct", "pk": 18, "fields": {"order": 28, "user": 38, "product": 24, "quantity": 1, "product_price": 30000.0, "original_price": 0.0, "ordered": true, "created_at": "2025-03-12T22:35:48.040Z", "updated_at": "2025-03-12T22:35:48.040Z"}}, {"model": "orders.orderproduct", "pk": 19, "fields": {"order": 29, "user": 29, "product": 9, "quantity": 1, "product_price": 2100.0, "original_price": 0.0, "ordered": true, "created_at": "2025-03-14T23:28:39.912Z", "updated_at": "2025-03-14T23:28:39.912Z"}}, {"model": "orders.orderproduct", "pk": 20, "fields": {"order": 30, "user": 1, "product": 30, "quantity": 1, "product_price": 15000.0, "original_price": 0.0, "ordered": true, "created_at": "2025-03-16T20:28:10.971Z", "updated_at": "2025-03-16T20:28:10.971Z"}}, {"model": "orders.orderproduct", "pk": 21, "fields": {"order": 31, "user": 1, "product": 25, "quantity": 1, "product_price": 50000.0, "original_price": 0.0, "ordered": true, "created_at": "2025-03-16T20:35:07.266Z", "updated_at": "2025-03-16T20:35:07.267Z"}}, {"model": "orders.orderproduct", "pk": 22, "fields": {"order": 33, "user": 1, "product": 26, "quantity": 1, "product_price": 25000.0, "original_price": 0.0, "ordered": true, "created_at": "2025-03-16T20:41:40.216Z", "updated_at": "2025-03-16T20:41:40.216Z"}}, {"model": "orders.orderproduct", "pk": 23, "fields": {"order": 36, "user": 29, "product": 14, "quantity": 2, "product_price": 3800.0, "original_price": 0.0, "ordered": true, "created_at": "2025-03-16T23:39:45.656Z", "updated_at": "2025-03-16T23:39:45.656Z"}}, {"model": "orders.orderproduct", "pk": 24, "fields": {"order": 37, "user": 1, "product": 16, "quantity": 1, "product_price": 2000.0, "original_price": 0.0, "ordered": true, "created_at": "2025-03-17T00:42:22.813Z", "updated_at": "2025-03-17T00:42:22.813Z"}}, {"model": "orders.orderproduct", "pk": 25, "fields": {"order": 42, "user": 1, "product": 32, "quantity": 2, "product_price": 1500.0, "original_price": 0.0, "ordered": true, "created_at": "2025-03-20T18:11:53.750Z", "updated_at": "2025-03-20T18:11:53.750Z"}}, {"model": "orders.orderproduct", "pk": 26, "fields": {"order": 42, "user": 1, "product": 28, "quantity": 1, "product_price": 30000.0, "original_price": 0.0, "ordered": true, "created_at": "2025-03-20T18:11:53.760Z", "updated_at": "2025-03-20T18:11:53.760Z"}}, {"model": "orders.orderproduct", "pk": 27, "fields": {"order": 43, "user": 1, "product": 26, "quantity": 1, "product_price": 25000.0, "original_price": 0.0, "ordered": true, "created_at": "2025-03-22T09:27:30.284Z", "updated_at": "2025-03-22T09:27:30.284Z"}}, {"model": "orders.orderproduct", "pk": 28, "fields": {"order": 45, "user": 1, "product": 31, "quantity": 1, "product_price": 1500.0, "original_price": 0.0, "ordered": true, "created_at": "2025-03-22T09:48:08.896Z", "updated_at": "2025-03-22T09:48:08.896Z"}}, {"model": "orders.orderproduct", "pk": 29, "fields": {"order": 45, "user": 1, "product": 32, "quantity": 1, "product_price": 1500.0, "original_price": 0.0, "ordered": true, "created_at": "2025-03-22T09:48:08.903Z", "updated_at": "2025-03-22T09:48:08.903Z"}}, {"model": "orders.orderproduct", "pk": 30, "fields": {"order": 76, "user": 29, "product": 30, "quantity": 1, "product_price": 15000.0, "original_price": 0.0, "ordered": true, "created_at": "2025-03-22T20:28:25.080Z", "updated_at": "2025-03-22T20:28:25.080Z"}}, {"model": "orders.orderproduct", "pk": 31, "fields": {"order": 87, "user": 29, "product": 31, "quantity": 1, "product_price": 1500.0, "original_price": 0.0, "ordered": true, "created_at": "2025-03-22T20:42:55.025Z", "updated_at": "2025-03-22T20:42:55.025Z"}}, {"model": "orders.orderproduct", "pk": 32, "fields": {"order": 87, "user": 29, "product": 30, "quantity": 1, "product_price": 15000.0, "original_price": 0.0, "ordered": true, "created_at": "2025-03-22T20:42:55.033Z", "updated_at": "2025-03-22T20:42:55.033Z"}}, {"model": "orders.orderproduct", "pk": 33, "fields": {"order": 88, "user": 29, "product": 30, "quantity": 1, "product_price": 15000.0, "original_price": 0.0, "ordered": true, "created_at": "2025-03-22T20:45:37.097Z", "updated_at": "2025-03-22T20:45:37.097Z"}}, {"model": "orders.orderproduct", "pk": 34, "fields": {"order": 89, "user": 1, "product": 26, "quantity": 1, "product_price": 25000.0, "original_price": 0.0, "ordered": true, "created_at": "2025-03-25T00:02:54.447Z", "updated_at": "2025-03-25T00:02:54.447Z"}}, {"model": "orders.orderproduct", "pk": 35, "fields": {"order": 90, "user": 65, "product": 17, "quantity": 1, "product_price": 1200.0, "original_price": 0.0, "ordered": true, "created_at": "2025-03-25T00:33:43.722Z", "updated_at": "2025-03-25T00:33:43.722Z"}}, {"model": "orders.orderproduct", "pk": 36, "fields": {"order": 90, "user": 65, "product": 14, "quantity": 1, "product_price": 3800.0, "original_price": 0.0, "ordered": true, "created_at": "2025-03-25T00:33:43.726Z", "updated_at": "2025-03-25T00:33:43.726Z"}}, {"model": "orders.orderproduct", "pk": 37, "fields": {"order": 90, "user": 65, "product": 15, "quantity": 5, "product_price": 1000.0, "original_price": 0.0, "ordered": true, "created_at": "2025-03-25T00:33:43.728Z", "updated_at": "2025-03-25T00:33:43.728Z"}}, {"model": "orders.orderproduct", "pk": 38, "fields": {"order": 98, "user": 1, "product": 19, "quantity": 1, "product_price": 1000.0, "original_price": 0.0, "ordered": true, "created_at": "2025-03-31T20:48:47.595Z", "updated_at": "2025-03-31T20:48:47.595Z"}}, {"model": "orders.orderproduct", "pk": 39, "fields": {"order": 99, "user": 1, "product": 19, "quantity": 1, "product_price": 1000.0, "original_price": 0.0, "ordered": true, "created_at": "2025-03-31T20:49:45.932Z", "updated_at": "2025-03-31T20:49:45.932Z"}}, {"model": "orders.orderproduct", "pk": 40, "fields": {"order": 102, "user": 1, "product": 15, "quantity": 1, "product_price": 1000.0, "original_price": 0.0, "ordered": true, "created_at": "2025-04-01T00:14:09.935Z", "updated_at": "2025-04-01T00:14:09.935Z"}}, {"model": "orders.orderproduct", "pk": 41, "fields": {"order": 103, "user": 1, "product": 16, "quantity": 1, "product_price": 2000.0, "original_price": 0.0, "ordered": true, "created_at": "2025-04-01T00:16:22.251Z", "updated_at": "2025-04-01T00:16:22.251Z"}}, {"model": "orders.orderproduct", "pk": 42, "fields": {"order": 113, "user": 1, "product": 31, "quantity": 1, "product_price": 1500.0, "original_price": 0.0, "ordered": true, "created_at": "2025-04-01T03:15:08.100Z", "updated_at": "2025-04-01T03:15:08.100Z"}}, {"model": "orders.orderproduct", "pk": 43, "fields": {"order": 115, "user": 1, "product": 31, "quantity": 1, "product_price": 1500.0, "original_price": 0.0, "ordered": true, "created_at": "2025-04-01T03:19:43.847Z", "updated_at": "2025-04-01T03:19:43.847Z"}}, {"model": "orders.orderproduct", "pk": 44, "fields": {"order": 116, "user": 1, "product": 32, "quantity": 5, "product_price": 1500.0, "original_price": 0.0, "ordered": true, "created_at": "2025-04-01T04:14:18.152Z", "updated_at": "2025-04-01T04:14:18.152Z"}}, {"model": "orders.orderproduct", "pk": 45, "fields": {"order": 116, "user": 1, "product": 31, "quantity": 1, "product_price": 1500.0, "original_price": 0.0, "ordered": true, "created_at": "2025-04-01T04:14:18.155Z", "updated_at": "2025-04-01T04:14:18.155Z"}}, {"model": "orders.orderproduct", "pk": 46, "fields": {"order": 118, "user": 1, "product": 31, "quantity": 2, "product_price": 1500.0, "original_price": 0.0, "ordered": true, "created_at": "2025-04-01T04:19:06.977Z", "updated_at": "2025-04-01T04:19:06.977Z"}}, {"model": "orders.orderproduct", "pk": 47, "fields": {"order": 125, "user": 1, "product": 18, "quantity": 1, "product_price": 900.0, "original_price": 0.0, "ordered": true, "created_at": "2025-04-02T13:53:39.800Z", "updated_at": "2025-04-02T13:53:39.800Z"}}, {"model": "orders.orderproduct", "pk": 48, "fields": {"order": 131, "user": 29, "product": 31, "quantity": 1, "product_price": 750.0, "original_price": 0.0, "ordered": true, "created_at": "2025-04-06T23:28:34.654Z", "updated_at": "2025-04-06T23:28:34.654Z"}}, {"model": "orders.orderproduct", "pk": 49, "fields": {"order": 136, "user": 1, "product": 31, "quantity": 1, "product_price": 750.0, "original_price": 1500.0, "ordered": true, "created_at": "2025-04-07T23:17:11.630Z", "updated_at": "2025-04-07T23:17:11.630Z"}}, {"model": "orders.orderproduct", "pk": 50, "fields": {"order": 137, "user": 1, "product": 31, "quantity": 1, "product_price": 750.0, "original_price": 1500.0, "ordered": true, "created_at": "2025-04-07T23:28:19.317Z", "updated_at": "2025-04-07T23:28:19.317Z"}}, {"model": "orders.orderproduct", "pk": 51, "fields": {"order": 149, "user": 1, "product": 31, "quantity": 1, "product_price": 375.0, "original_price": 750.0, "ordered": true, "created_at": "2025-04-09T00:06:12.482Z", "updated_at": "2025-04-09T00:06:12.482Z"}}, {"model": "orders.orderproduct", "pk": 52, "fields": {"order": 154, "user": 29, "product": 32, "quantity": 1, "product_price": 500.0, "original_price": 500.0, "ordered": true, "created_at": "2025-04-10T05:23:46.108Z", "updated_at": "2025-04-10T05:23:46.108Z"}}, {"model": "orders.orderproduct", "pk": 53, "fields": {"order": 154, "user": 29, "product": 31, "quantity": 1, "product_price": 375.0, "original_price": 750.0, "ordered": true, "created_at": "2025-04-10T05:23:46.111Z", "updated_at": "2025-04-10T05:23:46.111Z"}}, {"model": "orders.orderproduct", "pk": 54, "fields": {"order": 155, "user": 29, "product": 32, "quantity": 1, "product_price": 500.0, "original_price": 500.0, "ordered": true, "created_at": "2025-04-10T05:29:43.144Z", "updated_at": "2025-04-10T05:29:43.144Z"}}, {"model": "orders.orderproduct", "pk": 55, "fields": {"order": 160, "user": 29, "product": 31, "quantity": 1, "product_price": 375.0, "original_price": 750.0, "ordered": true, "created_at": "2025-04-14T23:47:56.436Z", "updated_at": "2025-04-14T23:47:56.436Z"}}, {"model": "orders.orderproduct", "pk": 56, "fields": {"order": 160, "user": 29, "product": 30, "quantity": 1, "product_price": 1500.0, "original_price": 1500.0, "ordered": true, "created_at": "2025-04-14T23:47:56.442Z", "updated_at": "2025-04-14T23:47:56.442Z"}}, {"model": "orders.orderproduct", "pk": 57, "fields": {"order": 160, "user": 29, "product": 32, "quantity": 1, "product_price": 500.0, "original_price": 500.0, "ordered": true, "created_at": "2025-04-14T23:47:56.445Z", "updated_at": "2025-04-14T23:47:56.445Z"}}, {"model": "orders.orderproduct", "pk": 58, "fields": {"order": 163, "user": 1, "product": 32, "quantity": 1, "product_price": 500.0, "original_price": 500.0, "ordered": true, "created_at": "2025-04-19T01:03:31.044Z", "updated_at": "2025-04-19T01:03:31.044Z"}}, {"model": "orders.orderproduct", "pk": 59, "fields": {"order": 163, "user": 1, "product": 31, "quantity": 1, "product_price": 375.0, "original_price": 750.0, "ordered": true, "created_at": "2025-04-19T01:03:31.048Z", "updated_at": "2025-04-19T01:03:31.048Z"}}, {"model": "orders.orderproduct", "pk": 60, "fields": {"order": 167, "user": 29, "product": 31, "quantity": 3, "product_price": 375.0, "original_price": 750.0, "ordered": true, "created_at": "2025-04-23T22:55:48.709Z", "updated_at": "2025-04-23T22:55:48.709Z"}}, {"model": "orders.orderproduct", "pk": 61, "fields": {"order": 167, "user": 29, "product": 30, "quantity": 1, "product_price": 1500.0, "original_price": 1500.0, "ordered": true, "created_at": "2025-04-23T22:55:48.712Z", "updated_at": "2025-04-23T22:55:48.712Z"}}, {"model": "orders.deliverycharge", "pk": 1, "fields": {"name": "free shipping", "charge_type": "fixed", "amount": "20", "is_active": true, "country": null, "state": null, "city": null, "free_shipping_threshold": "1000", "created_at": "2025-04-07T23:11:56.950Z", "updated_at": "2025-04-07T23:11:56.950Z"}}, {"model": "orders.deliverycharge", "pk": 2, "fields": {"name": "delivery free", "charge_type": "location", "amount": "50", "is_active": true, "country": "india", "state": "kerala", "city": "Kozhikode", "free_shipping_threshold": "1000", "created_at": "2025-04-08T22:32:41.875Z", "updated_at": "2025-04-08T22:46:02.468Z"}}, {"model": "orders.returnitem", "pk": 1, "fields": {"order_product": 55, "return_quantity": 1, "reason": "asdfvb", "status": "Pending", "created_at": "2025-04-14T23:54:17.411Z", "updated_at": "2025-04-14T23:54:17.411Z"}}, {"model": "sites.site", "pk": 1, "fields": {"domain": "example.com", "name": "example.com"}}, {"model": "sites.site", "pk": 2, "fields": {"domain": "http://127.0.0.1:8000/", "name": "interio"}}, {"model": "sites.site", "pk": 3, "fields": {"domain": "127.0.0.1:8000", "name": "interio"}}, {"model": "sites.site", "pk": 4, "fields": {"domain": "localhost:8000", "name": "localhost"}}, {"model": "account.emailaddress", "pk": 2, "fields": {"user": 29, "email": "shafnavk70@gmail.com", "verified": true, "primary": true}}, {"model": "account.emailaddress", "pk": 3, "fields": {"user": 40, "email": "interiofurniture001@gmail.com", "verified": true, "primary": true}}, {"model": "account.emailaddress", "pk": 4, "fields": {"user": 41, "email": "shafnavk1998@gmail.com", "verified": true, "primary": true}}, {"model": "socialaccount.socialapp", "pk": 1, "fields": {"provider": "google", "provider_id": "", "name": "Google", "client_id": "697167595814-u5seafb6amele8prn2mc1cdlcss7uss1.apps.googleusercontent.com", "secret": "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", "key": "", "settings": {}, "sites": [2]}}, {"model": "socialaccount.socialaccount", "pk": 2, "fields": {"user": 29, "provider": "google", "uid": "109090221404379708398", "last_login": "2025-04-22T09:22:28.975Z", "date_joined": "2025-02-11T05:17:51.426Z", "extra_data": {"iss": "https://accounts.google.com", "azp": "697167595814-u5seafb6amele8prn2mc1cdlcss7uss1.apps.googleusercontent.com", "aud": "697167595814-u5seafb6amele8prn2mc1cdlcss7uss1.apps.googleusercontent.com", "sub": "109090221404379708398", "email": "shafnavk70@gmail.com", "email_verified": true, "at_hash": "VTMMrIJr_mIPoI0_PZaIHQ", "name": "Shafna vk", "picture": "https://lh3.googleusercontent.com/a/ACg8ocL_LG2Ziz0FHXo6p8w8hWM7itG_xS6kzoCNEuq4WkcfWBtSJQ=s96-c", "given_name": "Shafna", "family_name": "vk", "iat": 1745333548, "exp": 1745337148}}}, {"model": "socialaccount.socialaccount", "pk": 3, "fields": {"user": 40, "provider": "google", "uid": "103765296322686047117", "last_login": "2025-02-26T23:00:41.926Z", "date_joined": "2025-02-26T22:52:11.575Z", "extra_data": {"iss": "https://accounts.google.com", "azp": "697167595814-u5seafb6amele8prn2mc1cdlcss7uss1.apps.googleusercontent.com", "aud": "697167595814-u5seafb6amele8prn2mc1cdlcss7uss1.apps.googleusercontent.com", "sub": "103765296322686047117", "email": "interiofurniture001@gmail.com", "email_verified": true, "at_hash": "pM98WYMvIqPxL4_OKwM4xA", "name": "interio furniture", "picture": "https://lh3.googleusercontent.com/a/ACg8ocLz9A8dC7RX8fAIFhN6xhGWHxf7C-Gj9FqrBywxT3WuZXpyIA=s96-c", "given_name": "interio", "family_name": "furniture", "iat": 1740630641, "exp": 1740634241}}}, {"model": "socialaccount.socialaccount", "pk": 4, "fields": {"user": 41, "provider": "google", "uid": "108035411841223315399", "last_login": "2025-03-02T01:36:21.246Z", "date_joined": "2025-02-26T23:00:58.695Z", "extra_data": {"iss": "https://accounts.google.com", "azp": "697167595814-u5seafb6amele8prn2mc1cdlcss7uss1.apps.googleusercontent.com", "aud": "697167595814-u5seafb6amele8prn2mc1cdlcss7uss1.apps.googleusercontent.com", "sub": "108035411841223315399", "email": "shafnavk1998@gmail.com", "email_verified": true, "at_hash": "ftEu2E9N7WpYZL7-udOrBg", "name": "Shafna Rafi", "picture": "https://lh3.googleusercontent.com/a/ACg8ocJ3faTbrqmq-trrtdVOBPnKR-0N4KAUIpWi1DqSuonIanM0-WMD6g=s96-c", "given_name": "Shafna", "family_name": "Rafi", "iat": 1740899181, "exp": 1740902781}}}]